,text,upos,xpos,lemma,feats
0,Parco,NOUN,S,parco,Gender=Masc|Number=Sing
1,archeologico,ADJ,A,archeologico,Gender=Masc|Number=Sing
2,di,ADP,E,di,
3,l’,DET,RD,il,Definite=Def|Number=Sing|PronType=Art
4,area,NOUN,S,area,Gender=Fem|Number=Sing
5,urbana,ADJ,A,urbano,Gender=Fem|Number=Sing
6,",",PUNCT,FF,",",
7,Bernalda,PROPN,SP,Bernalda,
8,L',DET,RD,il,Definite=Def|Number=Sing|PronType=Art
9,area,NOUN,S,area,Gender=Fem|Number=Sing
10,archeologica,ADJ,A,archeologico,Gender=Fem|Number=Sing
11,ospita,VERB,V,ospitare,Mood=Ind|Number=Sing|Person=3|Tense=Pres|VerbForm=Fin
12,i,DET,RD,il,Definite=Def|Gender=Masc|Number=Plur|PronType=Art
13,monumentali,ADJ,A,monumentale,Number=Plur
14,resti,NOUN,S,resto,Gender=Masc|Number=Plur
15,di,ADP,E,di,
16,la,DET,RD,il,Definite=Def|Gender=Fem|Number=Sing|PronType=Art
17,città,NOUN,S,città,Gender=Fem
18,di,ADP,E,di,
19,Metapontum,PROPN,SP,Metapontum,
20,",",PUNCT,FF,",",
21,fondata,VERB,V,fondare,Gender=Fem|Number=Sing|Tense=Past|VerbForm=Part
22,da,ADP,E,da,
23,gli,DET,RD,il,Definite=Def|Gender=Masc|Number=Plur|PronType=Art
24,Achei,PROPN,SP,Achei,
25,durante,ADP,E,durante,
26,la,DET,RD,il,Definite=Def|Gender=Fem|Number=Sing|PronType=Art
27,seconda,ADJ,NO,secondo,Gender=Fem|NumType=Ord|Number=Sing
28,metà,NOUN,S,metà,Gender=Fem
29,di,ADP,E,di,
30,il,DET,RD,il,Definite=Def|Gender=Masc|Number=Sing|PronType=Art
31,VII,ADJ,NO,VII,NumType=Ord|Number=Sing
32,sec.,ADJ,NO,sec.,Gender=Masc|NumType=Ord|Number=Sing
33,a.C.Comprende,PROPN,SP,a.C.Comprende,
34,il,DET,RD,il,Definite=Def|Gender=Masc|Number=Sing|PronType=Art
35,santuario,NOUN,S,santuario,Gender=Masc|Number=Sing
36,urbano,ADJ,A,urbano,Gender=Masc|Number=Sing
37,",",PUNCT,FF,",",
38,parte,NOUN,S,parte,Gender=Fem|Number=Sing
39,di,ADP,E,di,
40,l’,DET,RD,il,Definite=Def|Number=Sing|PronType=Art
41,agorà,NOUN,S,agorà,Gender=Fem
42,e,CCONJ,CC,e,
43,l’,DET,RD,il,Definite=Def|Number=Sing|PronType=Art
44,asse,NOUN,S,assa,Gender=Masc|Number=Sing
45,viario,ADJ,A,viario,Gender=Masc|Number=Sing
46,nord-sud,NOUN,S,nord-sud,Gender=Masc
47,su,ADP,E,su,
48,cui,PRON,PR,cui,PronType=Rel
49,s’,PRON,PC,si,Clitic=Yes|Person=3|PronType=Prs
50,imposta,VERB,V,imporre,Mood=Ind|Number=Sing|Person=3|Tense=Pres|VerbForm=Fin
51,l’,DET,RD,il,Definite=Def|Number=Sing|PronType=Art
52,intero,ADJ,A,intero,Gender=Masc|Number=Sing
53,impianto,NOUN,S,impianto,Gender=Masc|Number=Sing
54,urbano,ADJ,A,urbano,Gender=Masc|Number=Sing
55,.,PUNCT,FS,.,
56,L’,DET,RD,il,Definite=Def|Number=Sing|PronType=Art
57,area,NOUN,S,area,Gender=Fem|Number=Sing
58,sacra,ADJ,A,sacro,Gender=Fem|Number=Sing
59,è,AUX,VA,essere,Mood=Ind|Number=Sing|Person=3|Tense=Pres|VerbForm=Fin
60,caratterizzata,VERB,V,caratterizzare,Gender=Fem|Number=Sing|Tense=Past|VerbForm=Part
61,da,ADP,E,da,
62,edifici,NOUN,S,edificio,Gender=Masc|Number=Plur
63,templari,ADJ,A,templare,Gender=Masc|Number=Plur
64,in,ADP,E,in,
65,stile,NOUN,S,stile,Gender=Masc|Number=Sing
66,dorico,ADJ,A,dorico,Gender=Masc|Number=Sing
67,(,PUNCT,FB,(,
68,Tempio,NOUN,S,tempio,Gender=Masc|Number=Sing
69,di,ADP,E,di,
70,Hera,PROPN,SP,Hera,
71,e,CCONJ,CC,e,
72,tempio,NOUN,S,tempio,Gender=Masc|Number=Sing
73,di,ADP,E,di,
74,Apollo,PROPN,SP,Apollo,
75,),PUNCT,FB,),
76,e,CCONJ,CC,e,
77,ionico,ADJ,A,ionico,Gender=Masc|Number=Sing
78,(,PUNCT,FB,(,
79,tempio,NOUN,S,tempio,Gender=Masc|Number=Sing
80,di,ADP,E,di,
81,Artemis,PROPN,SP,Artemis,
82,),PUNCT,FB,),
83,e,CCONJ,CC,e,
84,da,ADP,E,da,
85,un,DET,RI,uno,Definite=Ind|Gender=Masc|Number=Sing|PronType=Art
86,sacello,NOUN,S,sacello,Gender=Masc|Number=Sing
87,probabilmente,ADV,B,probabilmente,
88,dedicato,VERB,V,dedicare,Gender=Masc|Number=Sing|Tense=Past|VerbForm=Part
89,ad,ADP,E,a,
90,Atena,PROPN,SP,Atena,
91,",",PUNCT,FF,",",
92,realizzati,VERB,V,realizzare,Gender=Masc|Number=Plur|Tense=Past|VerbForm=Part
93,da,ADP,E,da,
94,il,DET,RD,il,Definite=Def|Gender=Masc|Number=Sing|PronType=Art
95,VI,ADJ,NO,VI,NumType=Ord|Number=Sing
96,a,ADP,E,a,
97,il,DET,RD,il,Definite=Def|Gender=Masc|Number=Sing|PronType=Art
98,V,ADJ,NO,V,NumType=Ord|Number=Sing
99,secolo,NOUN,S,secolo,Gender=Masc|Number=Sing
100,a.C.,ADJ,A,a.c.,
101,In,ADP,E,in,
102,l’,DET,RD,il,Definite=Def|Number=Sing|PronType=Art
103,agorà,NOUN,S,agorà,Gender=Fem
104,si,PRON,PC,si,Clitic=Yes|Person=3|PronType=Prs
105,distingue,VERB,V,distinguere,Mood=Ind|Number=Sing|Person=3|Tense=Pres|VerbForm=Fin
106,l’,DET,RD,il,Definite=Def|Number=Sing|PronType=Art
107,imponenza,NOUN,S,imponenza,Gender=Fem|Number=Sing
108,architettonica,ADJ,A,architettonico,Gender=Fem|Number=Sing
109,di,ADP,E,di,
110,il,DET,RD,il,Definite=Def|Gender=Masc|Number=Sing|PronType=Art
111,teatro,NOUN,S,teatro,Gender=Masc|Number=Sing
112,che,PRON,PR,che,PronType=Rel
113,in,ADP,E,in,
114,il,DET,RD,il,Definite=Def|Gender=Masc|Number=Sing|PronType=Art
115,IV,ADJ,NO,IV,NumType=Ord|Number=Sing
116,secolo,NOUN,S,secolo,Gender=Masc|Number=Sing
117,a.C.,ADJ,A,a.c.,
118,sostituisce,VERB,V,sostituire,Mood=Ind|Number=Sing|Person=3|Tense=Pres|VerbForm=Fin
119,un,DET,RI,uno,Definite=Ind|Gender=Masc|Number=Sing|PronType=Art
120,edificio,NOUN,S,edificio,Gender=Masc|Number=Sing
121,arcaico,ADJ,A,arcaico,Gender=Masc|Number=Sing
122,destinato,VERB,V,destinare,Gender=Masc|Number=Sing|Tense=Past|VerbForm=Part
123,a,ADP,E,a,
124,le,DET,RD,il,Definite=Def|Gender=Fem|Number=Plur|PronType=Art
125,assemblee,NOUN,S,assemblea,Gender=Fem|Number=Plur
126,cittadine,ADJ,A,cittadino,Gender=Fem|Number=Plur
127,.,PUNCT,FS,.,
128,Tra,ADP,E,tra,
129,l’,DET,RD,il,Definite=Def|Number=Sing|PronType=Art
130,agorà,NOUN,S,agorà,Gender=Fem
131,e,CCONJ,CC,e,
132,la,DET,RD,il,Definite=Def|Gender=Fem|Number=Sing|PronType=Art
133,linea,NOUN,S,linea,Gender=Fem|Number=Sing
134,di,ADP,E,di,
135,le,DET,RD,il,Definite=Def|Gender=Fem|Number=Plur|PronType=Art
136,mura,NOUN,S,muro,Gender=Fem|Number=Plur
137,orientali,ADJ,A,orientale,Number=Plur
138,si,PRON,PC,si,Clitic=Yes|Person=3|PronType=Prs
139,sviluppa,VERB,V,sviluppare,Mood=Ind|Number=Sing|Person=3|Tense=Pres|VerbForm=Fin
140,il,DET,RD,il,Definite=Def|Gender=Masc|Number=Sing|PronType=Art
141,Castro,PROPN,SP,Castro,
142,Romano,PROPN,SP,Romano,
143,",",PUNCT,FF,",",
144,probabilmente,ADV,B,probabilmente,
145,sede,NOUN,S,sede,Gender=Fem|Number=Sing
146,di,ADP,E,di,
147,una,DET,RI,uno,Definite=Ind|Gender=Fem|Number=Sing|PronType=Art
148,guarnigione,NOUN,S,guarnigione,Gender=Fem|Number=Sing
149,militare,ADJ,A,militare,Number=Sing
150,romana,ADJ,A,romano,Gender=Fem|Number=Sing
151,in,ADP,E,in,
152,il,DET,RD,il,Definite=Def|Gender=Masc|Number=Sing|PronType=Art
153,III,ADJ,NO,III,NumType=Ord|Number=Sing
154,sec.,ADJ,NO,sec.,Gender=Masc|NumType=Ord|Number=Sing
155,a.C.,ADJ,A,a.c.,Number=Sing
