,text,upos,xpos,lemma,feats
0,Palazzo,PROPN,SP,Palazzo,
1,De,PROPN,SP,De,
2,Lieto,PROPN,SP,Lieto,
3,-,PUNCT,FF,-,
4,Pinacoteca,PROPN,SP,pinacoteca,
5,Angelo,PROPN,SP,Angelo,
6,Brando,PROPN,SP,Brando,
7,",",PUNCT,FF,",",
8,Maratea,PROPN,SP,Maratea,
9,Edificio,NOUN,S,edificio,Gender=Masc|Number=Sing
10,nobiliare,ADJ,A,nobiliare,Number=Sing
11,settecentesco,ADJ,A,settecentesco,Gender=Masc|Number=Sing
12,costruito,VERB,V,costruire,Gender=Masc|Number=Sing|Tense=Past|VerbForm=Part
13,",",PUNCT,FF,",",
14,per,ADP,E,per,
15,volontà,NOUN,S,volontà,Gender=Fem
16,di,ADP,E,di,
17,Giovanni,PROPN,SP,Giovanni,
18,De,PROPN,SP,De,
19,Lieto,PROPN,SP,Lieto,
20,in,ADP,E,in,
21,il,DET,RD,il,Definite=Def|Gender=Masc|Number=Sing|PronType=Art
22,1734,NUM,N,1734,NumType=Card
23,per,ADP,E,per,
24,ospitare,VERB,V,ospitare,VerbForm=Inf
25,il,DET,RD,il,Definite=Def|Gender=Masc|Number=Sing|PronType=Art
26,primo,ADJ,NO,primo,Gender=Masc|NumType=Ord|Number=Sing
27,ospedale,NOUN,S,ospedale,Gender=Masc|Number=Sing
28,di,ADP,E,di,
29,Maratea,PROPN,SP,Maratea,
30,.,PUNCT,FS,.,
31,Durante,ADP,E,durante,
32,il,DET,RD,il,Definite=Def|Gender=Masc|Number=Sing|PronType=Art
33,XIX,ADJ,NO,XIX,NumType=Ord|Number=Sing
34,secolo,NOUN,S,secolo,Gender=Masc|Number=Sing
35,l',DET,RD,il,Definite=Def|Number=Sing|PronType=Art
36,ospedale,NOUN,S,ospedale,Gender=Masc|Number=Sing
37,di,ADP,E,di,
38,Maratea,PROPN,SP,Maratea,
39,fu,AUX,VA,essere,Mood=Ind|Number=Sing|Person=3|Tense=Past|VerbForm=Fin
40,dichiarato,VERB,V,dichiarare,Gender=Masc|Number=Sing|Tense=Past|VerbForm=Part
41,distrettuale,ADJ,A,distrettuale,Number=Sing
42,e,CCONJ,CC,e,
43,in,ADP,E,in,
44,il,DET,RD,il,Definite=Def|Gender=Masc|Number=Sing|PronType=Art
45,secolo,NOUN,S,secolo,Gender=Masc|Number=Sing
46,successivo,ADJ,A,successivo,Gender=Masc|Number=Sing
47,si,PRON,PC,si,Clitic=Yes|Person=3|PronType=Prs
48,spostò,VERB,V,spostare,Mood=Ind|Number=Sing|Person=3|Tense=Past|VerbForm=Fin
49,in,ADP,E,in,
50,l',DET,RD,il,Definite=Def|Number=Sing|PronType=Art
51,ex,ADJ,A,ex,
52,convento,NOUN,S,convento,Gender=Masc|Number=Sing
53,di,ADP,E,di,
54,i,DET,RD,il,Definite=Def|Gender=Masc|Number=Plur|PronType=Art
55,Paolotti,PROPN,SP,Paolotti,
56,.,PUNCT,FS,.,
57,Il,DET,RD,il,Definite=Def|Gender=Masc|Number=Sing|PronType=Art
58,palazzo,NOUN,S,palazzo,Gender=Masc|Number=Sing
59,abbandonato,VERB,V,abbandonare,Gender=Masc|Number=Sing|Tense=Past|VerbForm=Part
60,in,ADP,E,in,
61,gli,DET,RD,il,Definite=Def|Gender=Masc|Number=Plur|PronType=Art
62,anni,NOUN,S,anno,Gender=Masc|Number=Plur
63,'90,NUM,N,'90,NumType=Card
64,di,ADP,E,di,
65,il,DET,RD,il,Definite=Def|Gender=Masc|Number=Sing|PronType=Art
66,XX,ADJ,NO,XX,NumType=Ord|Number=Sing
67,secolo,NOUN,S,secolo,Gender=Masc|Number=Sing
68,è,AUX,VA,essere,Mood=Ind|Number=Sing|Person=3|Tense=Pres|VerbForm=Fin
69,stato,AUX,VA,essere,Gender=Masc|Number=Sing|Tense=Past|VerbForm=Part
70,restaurato,VERB,V,restaurare,Gender=Masc|Number=Sing|Tense=Past|VerbForm=Part
71,ed,CCONJ,CC,e,
72,oggi,ADV,B,oggi,
73,è,AUX,V,essere,Mood=Ind|Number=Sing|Person=3|Tense=Pres|VerbForm=Fin
74,di,ADP,E,di,
75,proprietà,NOUN,S,proprietà,Gender=Fem
76,di,ADP,E,di,
77,il,DET,RD,il,Definite=Def|Gender=Masc|Number=Sing|PronType=Art
78,Ministero,NOUN,S,ministero,Gender=Masc|Number=Sing
79,di,ADP,E,di,
80,i,DET,RD,il,Definite=Def|Gender=Masc|Number=Plur|PronType=Art
81,Beni,NOUN,S,bene,Gender=Masc|Number=Plur
82,Culturali,ADJ,A,culturale,Gender=Masc|Number=Plur
83,e,CCONJ,CC,e,
84,viene,AUX,VA,venire,Mood=Ind|Number=Sing|Person=3|Tense=Pres|VerbForm=Fin
85,utilizzato,VERB,V,utilizzare,Gender=Masc|Number=Sing|Tense=Past|VerbForm=Part
86,per,ADP,E,per,
87,attività,NOUN,S,attività,Gender=Fem
88,culturali,ADJ,A,culturale,Number=Plur
89,.,PUNCT,FS,.,
90,Situato,VERB,V,situare,Gender=Masc|Number=Sing|Tense=Past|VerbForm=Part
91,in,ADP,E,in,
92,il,DET,RD,il,Definite=Def|Gender=Masc|Number=Sing|PronType=Art
93,Borgo,PROPN,SP,Borgo,
94,antico,ADJ,A,antico,Gender=Masc|Number=Sing
95,di,ADP,E,di,
96,Maratea,PROPN,SP,Maratea,
97,",",PUNCT,FF,",",
98,il,DET,RD,il,Definite=Def|Gender=Masc|Number=Sing|PronType=Art
99,palazzo,NOUN,S,palazzo,Gender=Masc|Number=Sing
100,poggia,VERB,V,poggiare,Mood=Ind|Number=Sing|Person=3|Tense=Pres|VerbForm=Fin
101,su,ADP,E,su,
102,un,DET,RI,uno,Definite=Ind|Gender=Masc|Number=Sing|PronType=Art
103,grande,ADJ,A,grande,Number=Sing
104,sperone,NOUN,S,sperona,Gender=Masc|Number=Sing
105,roccioso,ADJ,A,roccioso,Gender=Masc|Number=Sing
106,.,PUNCT,FS,.,
107,Si,PRON,PC,si,Clitic=Yes|Person=3|PronType=Prs
108,sviluppa,VERB,V,sviluppare,Mood=Ind|Number=Sing|Person=3|Tense=Pres|VerbForm=Fin
109,su,ADP,E,su,
110,due,NUM,N,due,NumType=Card
111,piani,NOUN,S,piano,Gender=Masc|Number=Plur
112,ed,CCONJ,CC,e,
113,è,AUX,VA,essere,Mood=Ind|Number=Sing|Person=3|Tense=Pres|VerbForm=Fin
114,munito,VERB,V,munire,Gender=Masc|Number=Sing|Tense=Past|VerbForm=Part
115,di,ADP,E,di,
116,grandi,ADJ,A,grande,Number=Plur
117,saloni,NOUN,S,salone,Gender=Masc|Number=Plur
118,.,PUNCT,FS,.,
119,Il,DET,RD,il,Definite=Def|Gender=Masc|Number=Sing|PronType=Art
120,piano,NOUN,S,piano,Gender=Masc|Number=Sing
121,alto,ADJ,A,alto,Gender=Masc|Number=Sing
122,presenta,VERB,V,presentare,Mood=Ind|Number=Sing|Person=3|Tense=Pres|VerbForm=Fin
123,di,ADP,E,di,
124,le,DET,RD,il,Definite=Def|Gender=Fem|Number=Plur|PronType=Art
125,lunghe,ADJ,A,lungo,Gender=Fem|Number=Plur
126,logge,NOUN,S,loggia,Gender=Fem|Number=Plur
127,",",PUNCT,FF,",",
128,intervallate,VERB,V,intervallare,Gender=Fem|Number=Plur|Tense=Past|VerbForm=Part
129,da,ADP,E,da,
130,archi,NOUN,S,arco,Gender=Masc|Number=Plur
131,con,ADP,E,con,
132,piedritti,NOUN,S,piedritto,Gender=Masc|Number=Plur
133,lavorati,ADJ,A,lavorato,Gender=Masc|Number=Plur
134,.,PUNCT,FS,.,
135,Conserva,VERB,V,conservare,Mood=Ind|Number=Sing|Person=3|Tense=Pres|VerbForm=Fin
136,l',DET,RD,il,Definite=Def|Number=Sing|PronType=Art
137,originale,ADJ,A,originale,Number=Sing
138,portale,NOUN,S,portale,Gender=Masc|Number=Sing
139,litico,ADJ,A,litico,Gender=Masc|Number=Sing
140,.,PUNCT,FS,.,
141,Questo,PRON,PD,questo,Gender=Masc|Number=Sing|PronType=Dem
142,si,PRON,PC,si,Clitic=Yes|Person=3|PronType=Prs
143,presenta,VERB,V,presentare,Mood=Ind|Number=Sing|Person=3|Tense=Pres|VerbForm=Fin
144,con,ADP,E,con,
145,un,DET,RI,uno,Definite=Ind|Gender=Masc|Number=Sing|PronType=Art
146,grande,ADJ,A,grande,Number=Sing
147,portone,NOUN,S,portone,Gender=Masc|Number=Sing
148,di,ADP,E,di,
149,legno,NOUN,S,legno,Gender=Masc|Number=Sing
150,",",PUNCT,FF,",",
151,sostenuto,VERB,V,sostenere,Gender=Masc|Number=Sing|Tense=Past|VerbForm=Part
152,con,ADP,E,con,
153,architravi,NOUN,S,architravo,Gender=Masc|Number=Plur
154,in,ADP,E,in,
155,pietra,NOUN,S,pietra,Gender=Fem|Number=Sing
156,e,CCONJ,CC,e,
157,tufo,NOUN,S,tufo,Gender=Masc|Number=Sing
158,.,PUNCT,FS,.,
159,I,DET,RD,il,Definite=Def|Gender=Masc|Number=Plur|PronType=Art
160,piedritti,NOUN,S,piedritto,Gender=Masc|Number=Plur
161,e,CCONJ,CC,e,
162,gli,DET,RD,il,Definite=Def|Gender=Masc|Number=Plur|PronType=Art
163,archi,NOUN,S,arco,Gender=Masc|Number=Plur
164,sono,AUX,VA,essere,Mood=Ind|Number=Plur|Person=3|Tense=Pres|VerbForm=Fin
165,costituiti,VERB,V,costituire,Gender=Masc|Number=Plur|Tense=Past|VerbForm=Part
166,da,ADP,E,da,
167,pietre,NOUN,S,pietra,Gender=Fem|Number=Plur
168,quadrate,ADJ,A,quadrato,Gender=Fem|Number=Plur
169,",",PUNCT,FF,",",
170,e,CCONJ,CC,e,
171,su,ADP,E,su,
172,la,DET,RD,il,Definite=Def|Gender=Fem|Number=Sing|PronType=Art
173,chiave,NOUN,S,chiave,Gender=Fem|Number=Sing
174,di,ADP,E,di,
175,volta,NOUN,S,volta,Gender=Fem|Number=Sing
176,si,PRON,PC,si,Clitic=Yes|Person=3|PronType=Prs
177,trova,VERB,V,trovare,Mood=Ind|Number=Sing|Person=3|Tense=Pres|VerbForm=Fin
178,l',DET,RD,il,Definite=Def|Number=Sing|PronType=Art
179,aralda,NOUN,S,aralda,Gender=Fem|Number=Sing
180,di,ADP,E,di,
181,la,DET,RD,il,Definite=Def|Gender=Fem|Number=Sing|PronType=Art
182,famiglia,NOUN,S,famiglia,Gender=Fem|Number=Sing
183,De,PROPN,SP,De,
184,Lieto,PROPN,SP,Lieto,
185,.,PUNCT,FS,.,
186,Sopra,ADP,E,sopra,
187,il,DET,RD,il,Definite=Def|Gender=Masc|Number=Sing|PronType=Art
188,timpano,NOUN,S,timpano,Gender=Masc|Number=Sing
189,si,PRON,PC,si,Clitic=Yes|Person=3|PronType=Prs
190,trova,VERB,V,trovare,Mood=Ind|Number=Sing|Person=3|Tense=Pres|VerbForm=Fin
191,una,DET,RI,uno,Definite=Ind|Gender=Fem|Number=Sing|PronType=Art
192,lapide,NOUN,S,lapide,Gender=Fem|Number=Sing
193,con,ADP,E,con,
194,su,ADV,B,su,
195,scritto,ADJ,A,scritto,Gender=Masc|Number=Sing
196,:,PUNCT,FC,:,
197,Ospedale,NOUN,S,ospedale,Gender=Masc|Number=Sing
198,costruito,VERB,V,costruire,Gender=Masc|Number=Sing|Tense=Past|VerbForm=Part
199,",",PUNCT,FF,",",
200,a,ADP,E,a,
201,sue,DET,AP,suo,Gender=Fem|Number=Plur|Poss=Yes|PronType=Prs
202,spese,NOUN,S,spesa,Gender=Fem|Number=Plur
203,",",PUNCT,FF,",",
204,da,ADP,E,da,
205,Giovanni,PROPN,SP,Giovanni,
206,De,PROPN,SP,De,
207,Lieto,PROPN,SP,Lieto,
208,",",PUNCT,FF,",",
209,in,ADP,E,in,
210,l',DET,RD,il,Definite=Def|Number=Sing|PronType=Art
211,anno,NOUN,S,anno,Gender=Masc|Number=Sing
212,1734,NUM,N,1734,NumType=Card
213,.,PUNCT,FS,.,
214,Oronzo,PROPN,SP,Oronzo,
215,",",PUNCT,FF,",",
216,di,ADP,E,di,
217,la,DET,RD,il,Definite=Def|Gender=Fem|Number=Sing|PronType=Art
218,stessa,ADJ,A,stesso,Gender=Fem|Number=Sing
219,famiglia,NOUN,S,famiglia,Gender=Fem|Number=Sing
220,",",PUNCT,FF,",",
221,con,ADP,E,con,
222,questa,DET,DD,questo,Gender=Fem|Number=Sing|PronType=Dem
223,lapide,NOUN,S,lapide,Gender=Fem|Number=Sing
224,volle,AUX,VM,volere,Mood=Ind|Number=Sing|Person=3|Tense=Past|VerbForm=Fin
225,ricordare,VERB,V,ricordare,VerbForm=Inf
226,a,ADP,E,a,
227,i,DET,RD,il,Definite=Def|Gender=Masc|Number=Plur|PronType=Art
228,posteriori,NOUN,S,posteriore,Gender=Masc|Number=Plur
229,.,PUNCT,FS,.,
230,),PUNCT,FB,),
231,A,ADP,E,a,
232,il,DET,RD,il,Definite=Def|Gender=Masc|Number=Sing|PronType=Art
233,suo,DET,AP,suo,Gender=Masc|Number=Sing|Poss=Yes|PronType=Prs
234,interno,NOUN,S,interno,Gender=Masc|Number=Sing
235,ospita,VERB,V,ospitare,Mood=Ind|Number=Sing|Person=3|Tense=Pres|VerbForm=Fin
236,una,DET,RI,uno,Definite=Ind|Gender=Fem|Number=Sing|PronType=Art
237,collezione,NOUN,S,collezione,Gender=Fem|Number=Sing
238,permanente,ADJ,A,permanente,Number=Sing
239,di,ADP,E,di,
240,reperti,NOUN,S,reperto,Gender=Masc|Number=Plur
241,recuperati,VERB,V,recuperare,Gender=Masc|Number=Plur|Tense=Past|VerbForm=Part
242,da,ADP,E,da,
243,il,DET,RD,il,Definite=Def|Gender=Masc|Number=Sing|PronType=Art
244,fondale,NOUN,S,fondale,Gender=Masc|Number=Sing
245,di,ADP,E,di,
246,l’,DET,RD,il,Definite=Def|Number=Sing|PronType=Art
247,isolotto,NOUN,S,isolotto,Gender=Masc|Number=Sing
248,di,ADP,E,di,
249,Santo,PROPN,SP,Santo,
250,Janni,PROPN,SP,Janni,
251,.,PUNCT,FS,.,
252,A,ADP,E,a,
253,il,DET,RD,il,Definite=Def|Gender=Masc|Number=Sing|PronType=Art
254,primo,ADJ,NO,primo,Gender=Masc|NumType=Ord|Number=Sing
255,piano,NOUN,S,piano,Gender=Masc|Number=Sing
256,è,AUX,VA,essere,Mood=Ind|Number=Sing|Person=3|Tense=Pres|VerbForm=Fin
257,allestita,VERB,V,allestire,Gender=Fem|Number=Sing|Tense=Past|VerbForm=Part
258,la,DET,RD,il,Definite=Def|Gender=Fem|Number=Sing|PronType=Art
259,Pinacoteca,PROPN,SP,pinacoteca,
260,Angelo,PROPN,SP,Angelo,
261,Brando,PROPN,SP,Brando,
262,[,PUNCT,FB,[,
263,Maratea,PROPN,SP,Maratea,
264,",",PUNCT,FF,",",
265,1878,NUM,N,1878,NumType=Card
266,-,PUNCT,FF,-,
267,Napoli,PROPN,SP,Napoli,
268,",",PUNCT,FF,",",
269,1955,NUM,N,1955,NumType=Card
270,],PUNCT,FB,],
271,con,ADP,E,con,
272,l',DET,RD,il,Definite=Def|Number=Sing|PronType=Art
273,esposizione,NOUN,S,esposizione,Gender=Fem|Number=Sing
274,permanente,ADJ,A,permanente,Number=Sing
275,di,ADP,E,di,
276,i,DET,RD,il,Definite=Def|Gender=Masc|Number=Plur|PronType=Art
277,seguenti,ADJ,A,seguente,Number=Plur
278,dipinti,NOUN,S,dipinto,Gender=Masc|Number=Plur
279,di,ADP,E,di,
280,pertinenza,NOUN,S,pertinenza,Gender=Fem|Number=Sing
281,di,ADP,E,di,
282,il,DET,RD,il,Definite=Def|Gender=Masc|Number=Sing|PronType=Art
283,Polo,PROPN,SP,Polo,
284,Museale,PROPN,SP,Museale,
285,di,ADP,E,di,
286,la,DET,RD,il,Definite=Def|Gender=Fem|Number=Sing|PronType=Art
287,Basilicata,PROPN,SP,Basilicata,
288,:,PUNCT,FC,:,
289,1,NUM,N,1,NumType=Card
290,.,PUNCT,FS,.,
291,Mezza,ADJ,A,Mezza,Gender=Fem|Number=Sing
292,figura,NOUN,S,figura,Gender=Fem|Number=Sing
293,",",PUNCT,FF,",",
294,1944,NUM,N,1944,NumType=Card
295,",",PUNCT,FF,",",
296,olio,NOUN,S,olio,Gender=Masc|Number=Sing
297,su,ADP,E,su,
298,tela,NOUN,S,tela,Gender=Fem|Number=Sing
299,",",PUNCT,FF,",",
300,cm.,NOUN,S,centimetro,Gender=Masc
301,89,NUM,N,89,NumType=Card
302,x,NOUN,S,x,Gender=Masc
303,72,NUM,N,72,NumType=Card
304,.,PUNCT,FS,.,
305,2,NUM,N,2,NumType=Card
306,.,PUNCT,FS,.,
307,Ritratto,NOUN,S,ritratto,Gender=Masc|Number=Sing
308,di,ADP,E,di,
309,Frau,PROPN,SP,Frau,
310,Steiman,PROPN,SP,Steiman,
311,",",PUNCT,FF,",",
312,1918,NUM,N,1918,NumType=Card
313,[,PUNCT,FB,[,
314,olio,NOUN,S,olio,Gender=Masc|Number=Sing
315,su,ADP,E,su,
316,tela,NOUN,S,tela,Gender=Fem|Number=Sing
317,",",PUNCT,FF,",",
318,cm,NOUN,S,cm,
319,76,NUM,N,76,NumType=Card
320,x,NOUN,S,x,Gender=Masc
321,62,NUM,N,62,NumType=Card
322,],PUNCT,FB,],
323,.,PUNCT,FS,.,
324,3,NUM,N,3,NumType=Card
325,.,PUNCT,FS,.,
326,Pensieri,NOUN,S,pensiero,Gender=Masc|Number=Plur
327,",",PUNCT,FF,",",
328,1930,NUM,N,1930,NumType=Card
329,[,PUNCT,FB,[,
330,olio,NOUN,S,olio,Gender=Masc|Number=Sing
331,su,ADP,E,su,
332,tela,NOUN,S,tela,Gender=Fem|Number=Sing
333,",",PUNCT,FF,",",
334,cm,NOUN,S,cm,
335,66,NUM,N,66,NumType=Card
336,x,NOUN,S,x,Gender=Masc
337,105,NUM,N,105,NumType=Card
338,],PUNCT,FB,],
339,.,PUNCT,FS,.,
340,4,NUM,N,4,NumType=Card
341,.,PUNCT,FS,.,
342,Il,DET,RD,il,Definite=Def|Gender=Masc|Number=Sing|PronType=Art
343,coro,NOUN,S,coro,Gender=Masc|Number=Sing
344,",",PUNCT,FF,",",
345,1938,NUM,N,1938,NumType=Card
346,[,PUNCT,FB,[,
347,olio,NOUN,S,olio,Gender=Masc|Number=Sing
348,su,ADP,E,su,
349,tela,NOUN,S,tela,Gender=Fem|Number=Sing
350,",",PUNCT,FF,",",
351,cm,NOUN,S,cm,
352,71,NUM,N,71,NumType=Card
353,x,NOUN,S,x,
354,102,NUM,N,102,NumType=Card
355,],PUNCT,FB,],
356,.,PUNCT,FS,.,
357,5,NUM,N,5,NumType=Card
358,.,PUNCT,FS,.,
359,Cordelia,PROPN,SP,Cordelia,
360,in,ADP,E,in,
361,abito,NOUN,S,abitare,Gender=Masc|Number=Sing
362,da,ADP,E,da,
363,sera,NOUN,S,sera,Gender=Fem|Number=Sing
364,",",PUNCT,FF,",",
365,1928,NUM,N,1928,NumType=Card
366,[,PUNCT,FB,[,
367,olio,NOUN,S,olio,Gender=Masc|Number=Sing
368,su,ADP,E,su,
369,tela,NOUN,S,tela,Gender=Fem|Number=Sing
370,",",PUNCT,FF,",",
371,cm,NOUN,S,cm,
372,153,NUM,N,153,NumType=Card
373,x,NOUN,S,x,Gender=Masc
374,93,NUM,N,93,NumType=Card
375,],PUNCT,FB,],
376,.,PUNCT,FS,.,
377,6,NUM,N,6,NumType=Card
378,.,PUNCT,FS,.,
379,In,ADP,E,in,
380,famiglia,NOUN,S,famiglia,Gender=Fem|Number=Sing
381,",",PUNCT,FF,",",
382,1944,NUM,N,1944,NumType=Card
383,[,PUNCT,FB,[,
384,olio,NOUN,S,olio,Gender=Masc|Number=Sing
385,su,ADP,E,su,
386,tela,NOUN,S,tela,Gender=Fem|Number=Sing
387,",",PUNCT,FF,",",
388,cm,NOUN,S,cm,
389,78,NUM,N,78,NumType=Card
390,x,NOUN,S,x,
391,67,NUM,N,67,NumType=Card
392,],PUNCT,FB,],
393,.,PUNCT,FS,.,
394,7,NUM,N,7,NumType=Card
395,.,PUNCT,FS,.,
396,La,DET,RD,il,Definite=Def|Gender=Fem|Number=Sing|PronType=Art
397,spadaccina,NOUN,S,spadaccina,Gender=Fem|Number=Sing
398,",",PUNCT,FF,",",
399,1944,NUM,N,1944,NumType=Card
400,[,PUNCT,FB,[,
401,olio,NOUN,S,olio,Gender=Masc|Number=Sing
402,su,ADP,E,su,
403,tela,NOUN,S,tela,Gender=Fem|Number=Sing
404,",",PUNCT,FF,",",
405,cm,NOUN,S,cm,
406,78,NUM,N,78,NumType=Card
407,x,NOUN,S,x,
408,44,NUM,N,44,NumType=Card
409,],PUNCT,FB,],
410,.,PUNCT,FS,.,
411,8,NUM,N,8,NumType=Card
412,.,PUNCT,FS,.,
413,Bimba,NOUN,S,Bimba,Gender=Fem|Number=Sing
414,con,ADP,E,con,
415,ciliege,NOUN,S,ciliege,Gender=Fem|Number=Plur
416,",",PUNCT,FF,",",
417,1944,NUM,N,1944,NumType=Card
418,[,PUNCT,FB,[,
419,olio,NOUN,S,olio,Gender=Masc|Number=Sing
420,su,ADP,E,su,
421,tela,NOUN,S,tela,Gender=Fem|Number=Sing
422,",",PUNCT,FF,",",
423,cm,NOUN,S,cm,
424,92,NUM,N,92,NumType=Card
425,x,NOUN,S,x,
426,75,NUM,N,75,NumType=Card
427,],PUNCT,FB,],
428,.,PUNCT,FS,.,
429,9,NUM,N,9,NumType=Card
430,.,PUNCT,FS,.,
431,Dolce,ADJ,A,dolce,Number=Sing
432,far,VERB,V,fare,VerbForm=Inf
433,niente,PRON,PI,niente,Gender=Masc|Number=Sing|PronType=Ind
434,",",PUNCT,FF,",",
435,1937,NUM,N,1937,NumType=Card
436,?,PUNCT,FS,?,
437,[,PUNCT,FB,[,
438,olio,NOUN,S,olio,Gender=Masc|Number=Sing
439,su,ADP,E,su,
440,tela,NOUN,S,tela,Gender=Fem|Number=Sing
441,",",PUNCT,FF,",",
442,cm,NOUN,S,cm,
443,42,NUM,N,42,NumType=Card
444,x,NOUN,S,x,
445,76,NUM,N,76,NumType=Card
446,],PUNCT,FB,],
447,.,PUNCT,FS,.,
448,10,NUM,N,10,NumType=Card
449,.,PUNCT,FF,.,
450,Autoritratto,NOUN,S,autoritratto,Gender=Masc|Number=Sing
451,",",PUNCT,FF,",",
452,1920,NUM,N,1920,NumType=Card
453,[,PUNCT,FB,[,
454,olio,NOUN,S,olio,Gender=Masc|Number=Sing
455,su,ADP,E,su,
456,tela,NOUN,S,tela,Gender=Fem|Number=Sing
457,",",PUNCT,FF,",",
458,cm,NOUN,S,cm,
459,63,NUM,N,63,NumType=Card
460,x,NOUN,S,x,Gender=Masc
461,50,NUM,N,50,NumType=Card
462,.,PUNCT,FF,.,
463,],PUNCT,FB,],
464,11,NUM,N,11,NumType=Card
465,.,PUNCT,FF,.,
466,Ritratto,NOUN,S,ritratto,Gender=Masc|Number=Sing
467,di,ADP,E,di,
468,Eugenia,PROPN,SP,Eugenia,
469,",",PUNCT,FF,",",
470,1910,NUM,N,1910,NumType=Card
471,[,PUNCT,FB,[,
472,olio,NOUN,S,olio,Gender=Masc|Number=Sing
473,su,ADP,E,su,
474,tela,NOUN,S,tela,Gender=Fem|Number=Sing
475,",",PUNCT,FF,",",
476,cm,NOUN,S,cm,
477,70,NUM,N,70,NumType=Card
478,x,NOUN,S,x,Gender=Masc
479,58,NUM,N,58,NumType=Card
480,],PUNCT,FB,],
481,.,PUNCT,FS,.,
482,12,NUM,N,12,NumType=Card
483,.,PUNCT,FF,.,
484,Ritratto,NOUN,S,ritratto,Gender=Masc|Number=Sing
485,di,ADP,E,di,
486,ragazza,NOUN,S,ragazza,Gender=Fem|Number=Sing
487,",",PUNCT,FF,",",
488,1919,NUM,N,1919,NumType=Card
489,[,PUNCT,FB,[,
490,olio,NOUN,S,olio,Gender=Masc|Number=Sing
491,su,ADP,E,su,
492,tela,NOUN,S,tela,Gender=Fem|Number=Sing
493,",",PUNCT,FF,",",
494,cm,NOUN,S,cm,
495,72,NUM,N,72,NumType=Card
496,x,NOUN,S,x,Gender=Masc
497,37,NUM,N,37,NumType=Card
498,],PUNCT,FB,],
499,.,PUNCT,FS,.,
500,13,NUM,N,13,NumType=Card
501,.,PUNCT,FF,.,
502,Eugenia,PROPN,SP,Eugenia,
503,",",PUNCT,FF,",",
504,1925,NUM,N,1925,NumType=Card
505,[,PUNCT,FB,[,
506,olio,NOUN,S,olio,Gender=Masc|Number=Sing
507,su,ADP,E,su,
508,tela,NOUN,S,tela,Gender=Fem|Number=Sing
509,",",PUNCT,FF,",",
510,cm,NOUN,S,cm,
511,87,NUM,N,87,NumType=Card
512,x,NOUN,S,x,Gender=Masc
513,68,NUM,N,68,NumType=Card
514,],PUNCT,FB,],
515,.,PUNCT,FS,.,
516,14,NUM,N,14,NumType=Card
517,.,PUNCT,FF,.,
518,Fanciulla,NOUN,S,fanciulla,Gender=Fem|Number=Sing
519,che,PRON,PR,che,PronType=Rel
520,legge,VERB,V,leggere,Mood=Ind|Number=Sing|Person=3|Tense=Pres|VerbForm=Fin
521,",",PUNCT,FF,",",
522,1923,NUM,N,1923,NumType=Card
523,[,PUNCT,FB,[,
524,olio,NOUN,S,olio,Gender=Masc|Number=Sing
525,su,ADP,E,su,
526,tela,NOUN,S,tela,Gender=Fem|Number=Sing
527,",",PUNCT,FF,",",
528,cm,NOUN,S,cm,
529,80,NUM,N,80,NumType=Card
530,x,NOUN,S,x,
531,56,NUM,N,56,NumType=Card
532,],PUNCT,FB,],
533,.,PUNCT,FS,.,
534,15,NUM,N,15,NumType=Card
535,.,PUNCT,FF,.,
536,Notturno,NOUN,S,notturno,Gender=Masc|Number=Sing
537,",",PUNCT,FF,",",
538,1939,NUM,N,1939,NumType=Card
539,[,PUNCT,FB,[,
540,olio,NOUN,S,olio,Gender=Masc|Number=Sing
541,su,ADP,E,su,
542,tela,NOUN,S,tela,Gender=Fem|Number=Sing
543,",",PUNCT,FF,",",
544,cm,NOUN,S,cm,
545,106,NUM,N,106,NumType=Card
546,x,CCONJ,CC,x,
547,83,NUM,N,83,NumType=Card
548,],PUNCT,FB,],
549,.,PUNCT,FS,.,
550,16,NUM,N,16,NumType=Card
551,.,PUNCT,FF,.,
552,Confidenze,NOUN,S,confidenza,Gender=Fem|Number=Plur
553,",",PUNCT,FF,",",
554,1928,NUM,N,1928,NumType=Card
555,[,PUNCT,FB,[,
556,olio,NOUN,S,olio,Gender=Masc|Number=Sing
557,su,ADP,E,su,
558,tela,NOUN,S,tela,Gender=Fem|Number=Sing
559,",",PUNCT,FF,",",
560,cm,NOUN,S,cm,
561,48,NUM,N,48,NumType=Card
562,x,NOUN,S,x,Gender=Masc
563,55,NUM,N,55,NumType=Card
564,.,PUNCT,FF,.,
565,17,NUM,N,17,NumType=Card
566,],PUNCT,FB,],
567,.,PUNCT,FS,.,
568,Violinista,NOUN,S,violinista,Number=Sing
569,",",PUNCT,FF,",",
570,1937,NUM,N,1937,NumType=Card
571,[,PUNCT,FB,[,
572,olio,NOUN,S,olio,Gender=Masc|Number=Sing
573,su,ADP,E,su,
574,tela,NOUN,S,tela,Gender=Fem|Number=Sing
575,",",PUNCT,FF,",",
576,cm,NOUN,S,cm,
577,80,NUM,N,80,NumType=Card
578,x,NOUN,S,x,Gender=Masc
579,57,NUM,N,57,NumType=Card
580,],PUNCT,FB,],
581,.,PUNCT,FS,.,
582,18,NUM,N,18,NumType=Card
583,.,PUNCT,FF,.,
584,Scene,NOUN,S,Scene,Gender=Fem|Number=Plur
585,campestri,ADJ,A,campestro,Gender=Fem|Number=Plur
586,",",PUNCT,FF,",",
587,1937,NUM,N,1937,NumType=Card
588,[,PUNCT,FB,[,
589,olio,NOUN,S,olio,Gender=Masc|Number=Sing
590,su,ADP,E,su,
591,tela,NOUN,S,tela,Gender=Fem|Number=Sing
592,",",PUNCT,FF,",",
593,cm,NOUN,S,cm,
594,67,NUM,N,67,NumType=Card
595,x,PUNCT,FF,x,
596,90,NUM,N,90,NumType=Card
597,],PUNCT,FB,],
598,.,PUNCT,FS,.,
599,19,NUM,N,19,NumType=Card
600,.,PUNCT,FF,.,
601,Dopo,ADP,E,dopo,
602,il,DET,RD,il,Definite=Def|Gender=Masc|Number=Sing|PronType=Art
603,riposo,NOUN,S,riposo,Gender=Masc|Number=Sing
604,",",PUNCT,FF,",",
605,1937,NUM,N,1937,NumType=Card
606,[,PUNCT,FB,[,
607,olio,NOUN,S,olio,Gender=Masc|Number=Sing
608,su,ADP,E,su,
609,tela,NOUN,S,tela,Gender=Fem|Number=Sing
610,",",PUNCT,FF,",",
611,cm,NOUN,S,cm,
612,57,NUM,N,57,NumType=Card
613,x,NOUN,S,x,Gender=Masc
614,36,NUM,N,36,NumType=Card
615,],PUNCT,FB,],
616,.,PUNCT,FS,.,
617,20,NUM,N,20,NumType=Card
618,.,PUNCT,FF,.,
619,Ascoltando,VERB,V,ascoltare,VerbForm=Ger
620,la,DET,RD,il,Definite=Def|Gender=Fem|Number=Sing|PronType=Art
621,radio,NOUN,S,radio,Gender=Fem
622,",",PUNCT,FF,",",
623,1938,NUM,N,1938,NumType=Card
624,",",PUNCT,FF,",",
625,olio,NOUN,S,olio,Gender=Masc|Number=Sing
626,su,ADP,E,su,
627,tela,NOUN,S,tela,Gender=Fem|Number=Sing
628,",",PUNCT,FF,",",
629,cm,NOUN,S,cm,
630,67,NUM,N,67,NumType=Card
631,x,NOUN,S,x,Gender=Masc
632,44,NUM,N,44,NumType=Card
633,.,PUNCT,FS,.,
634,21,NUM,N,21,NumType=Card
635,.,PUNCT,FF,.,
636,Presepe,NOUN,S,presepe,Gender=Masc|Number=Sing
637,(,PUNCT,FB,(,
638,Pastori,NOUN,S,pastore,Gender=Masc|Number=Plur
639,),PUNCT,FB,),
640,",",PUNCT,FF,",",
641,1937,NUM,N,1937,NumType=Card
642,",",PUNCT,FF,",",
643,olio,NOUN,S,olio,Gender=Masc|Number=Sing
644,su,ADP,E,su,
645,tela,NOUN,S,tela,Gender=Fem|Number=Sing
646,",",PUNCT,FF,",",
647,cm,NOUN,S,cm,
648,56,NUM,N,56,NumType=Card
649,x,NOUN,S,x,Gender=Masc
650,70,NUM,N,70,NumType=Card
651,.,PUNCT,FS,.,
652,22,NUM,N,22,NumType=Card
653,.,PUNCT,FF,.,
654,Studentessa,NOUN,S,studentessa,Gender=Fem|Number=Sing
655,",",PUNCT,FF,",",
656,1939,NUM,N,1939,NumType=Card
657,",",PUNCT,FF,",",
658,olio,NOUN,S,olio,Gender=Masc|Number=Sing
659,su,ADP,E,su,
660,tela,NOUN,S,tela,Gender=Fem|Number=Sing
661,",",PUNCT,FF,",",
662,cm,NOUN,S,cm,
663,49,NUM,N,49,NumType=Card
664,x,ADP,E,x,
665,40,NUM,N,40,NumType=Card
666,.,PUNCT,FF,.,
667,23,NUM,N,23,NumType=Card
668,.,PUNCT,FS,.,
669,A,ADP,E,a,
670,il,DET,RD,il,Definite=Def|Gender=Masc|Number=Sing|PronType=Art
671,piano,NOUN,S,piano,Gender=Masc|Number=Sing
672,",",PUNCT,FF,",",
673,1940,NUM,N,1940,NumType=Card
674,",",PUNCT,FF,",",
675,olio,NOUN,S,olio,Gender=Masc|Number=Sing
676,su,ADP,E,su,
677,tela,NOUN,S,tela,Gender=Fem|Number=Sing
678,",",PUNCT,FF,",",
679,cm,NOUN,S,cm,
680,41,NUM,N,41,NumType=Card
681,x,NOUN,S,x,Gender=Masc
682,59,NUM,N,59,NumType=Card
683,.,PUNCT,FS,.,
684,24,NUM,N,24,NumType=Card
685,.,PUNCT,FS,.,
686,Cucito,NOUN,S,cucito,Gender=Masc|Number=Sing
687,",",PUNCT,FF,",",
688,1922,NUM,N,1922,NumType=Card
689,",",PUNCT,FF,",",
690,olio,NOUN,S,olio,Gender=Masc|Number=Sing
691,su,ADP,E,su,
692,tela,NOUN,S,tela,Gender=Fem|Number=Sing
693,",",PUNCT,FF,",",
694,cm,NOUN,S,cm,
695,72,NUM,N,72,NumType=Card
696,x,NOUN,S,x,Gender=Masc
697,42,NUM,N,42,NumType=Card
698,.,PUNCT,FS,.,
699,25,NUM,N,25,NumType=Card
700,.,PUNCT,FS,.,
701,Amore,NOUN,S,amore,Gender=Masc|Number=Sing
702,materno,ADJ,A,materno,Gender=Masc|Number=Sing
703,",",PUNCT,FF,",",
704,1936,NUM,N,1936,NumType=Card
705,",",PUNCT,FF,",",
706,olio,NOUN,S,olio,Gender=Masc|Number=Sing
707,su,ADP,E,su,
708,tela,NOUN,S,tela,Gender=Fem|Number=Sing
709,",",PUNCT,FF,",",
710,cm,NOUN,S,cm,
711,98,NUM,N,98,NumType=Card
712,x,NOUN,S,x,Gender=Masc
713,79,NUM,N,79,NumType=Card
714,.,PUNCT,FS,.,
715,26,NUM,N,26,NumType=Card
716,.,PUNCT,FS,.,
717,La,DET,RD,il,Definite=Def|Gender=Fem|Number=Sing|PronType=Art
718,moglie,NOUN,S,moglie,Gender=Fem|Number=Sing
719,di,ADP,E,di,
720,l’,DET,RD,il,Definite=Def|Number=Sing|PronType=Art
721,artista,NOUN,S,artista,Number=Sing
722,",",PUNCT,FF,",",
723,1909,NUM,N,1909,NumType=Card
724,",",PUNCT,FF,",",
725,olio,NOUN,S,olio,Gender=Masc|Number=Sing
726,su,ADP,E,su,
727,tela,NOUN,S,tela,Gender=Fem|Number=Sing
728,",",PUNCT,FF,",",
729,cm,NOUN,S,cm,
730,49,NUM,N,49,NumType=Card
731,x,NOUN,S,x,Gender=Masc
732,34,NUM,N,34,NumType=Card
733,.,PUNCT,FS,.,
734,27,NUM,N,27,NumType=Card
735,.,PUNCT,FF,.,
736,Ragazza,NOUN,S,ragazza,Gender=Fem|Number=Sing
737,a,ADP,E,a,
738,lo,DET,RD,il,Definite=Def|Gender=Masc|Number=Sing|PronType=Art
739,specchio,NOUN,S,specchio,Gender=Masc|Number=Sing
740,",",PUNCT,FF,",",
741,1937,NUM,N,1937,NumType=Card
742,",",PUNCT,FF,",",
743,olio,NOUN,S,olio,Gender=Masc|Number=Sing
744,su,ADP,E,su,
745,tela,NOUN,S,tela,Gender=Fem|Number=Sing
746,",",PUNCT,FF,",",
747,cm,NOUN,S,cm,
748,55,NUM,N,55,NumType=Card
749,x,NOUN,S,x,Gender=Masc
750,81,NUM,N,81,NumType=Card
751,.,PUNCT,FS,.,
752,28,NUM,N,28,NumType=Card
753,.,PUNCT,FF,.,
754,Iole,PROPN,SP,Iole,
755,",",PUNCT,FF,",",
756,1921,NUM,N,1921,NumType=Card
757,",",PUNCT,FF,",",
758,olio,NOUN,S,olio,Gender=Masc|Number=Sing
759,su,ADP,E,su,
760,tela,NOUN,S,tela,Gender=Fem|Number=Sing
761,[,PUNCT,FB,[,
762,cm,NOUN,S,cm,
763,68,NUM,N,68,NumType=Card
764,x,CCONJ,CC,x,
765,36,NUM,N,36,NumType=Card
766,],PUNCT,FB,],
767,.,PUNCT,FS,.,
768,29,NUM,N,29,NumType=Card
769,.,PUNCT,FF,.,
770,Sfogliando,VERB,V,sfogliare,VerbForm=Ger
771,una,DET,RI,uno,Definite=Ind|Gender=Fem|Number=Sing|PronType=Art
772,rivista,NOUN,S,rivista,Gender=Fem|Number=Sing
773,",",PUNCT,FF,",",
774,1944,NUM,N,1944,NumType=Card
775,[,PUNCT,FB,[,
776,olio,NOUN,S,olio,Gender=Masc|Number=Sing
777,su,ADP,E,su,
778,tela,NOUN,S,tela,Gender=Fem|Number=Sing
779,",",PUNCT,FF,",",
780,cm,NOUN,S,cm,
781,105,NUM,N,105,NumType=Card
782,x,NOUN,S,x,Gender=Masc
783,78,NUM,N,78,NumType=Card
784,.,PUNCT,FF,.,
785,],PUNCT,FB,],
786,30,NUM,N,30,NumType=Card
787,.,PUNCT,FF,.,
788,Contadina,PROPN,SP,Contadina,
789,",",PUNCT,FF,",",
790,1939,NUM,N,1939,NumType=Card
791,",",PUNCT,FF,",",
792,olio,NOUN,S,olio,Gender=Masc|Number=Sing
793,su,ADP,E,su,
794,tela,NOUN,S,tela,Gender=Fem|Number=Sing
795,",",PUNCT,FF,",",
796,cm,NOUN,S,cm,
797,87,NUM,N,87,NumType=Card
798,x,ADP,E,x,
799,50,NUM,N,50,NumType=Card
800,.,PUNCT,FS,.,
801,31,NUM,N,31,NumType=Card
802,.,PUNCT,FF,.,
803,Cucito,NOUN,S,cucito,Gender=Masc|Number=Sing
804,in,ADP,E,in,
805,famiglia,NOUN,S,famiglia,Gender=Fem|Number=Sing
806,",",PUNCT,FF,",",
807,1933,NUM,N,1933,NumType=Card
808,",",PUNCT,FF,",",
809,olio,NOUN,S,olio,Gender=Masc|Number=Sing
810,su,ADP,E,su,
811,tela,NOUN,S,tela,Gender=Fem|Number=Sing
812,",",PUNCT,FF,",",
813,cm,NOUN,S,cm,
814,90,NUM,N,90,NumType=Card
815,x,NOUN,S,x,Gender=Masc
816,68,NUM,N,68,NumType=Card
817,.,PUNCT,FS,.,
818,32,NUM,N,32,NumType=Card
819,.,PUNCT,FF,.,
820,Natura,NOUN,S,Natura,Gender=Fem|Number=Sing
821,morta,VERB,V,morire,Gender=Fem|Number=Sing|Tense=Past|VerbForm=Part
822,con,ADP,E,con,
823,statuetta,NOUN,S,statuetta,Gender=Fem|Number=Sing
824,",",PUNCT,FF,",",
825,1932,NUM,N,1932,NumType=Card
826,",",PUNCT,FF,",",
827,olio,NOUN,S,olio,Gender=Masc|Number=Sing
828,su,ADP,E,su,
829,tela,NOUN,S,tela,Gender=Fem|Number=Sing
830,",",PUNCT,FF,",",
831,cm,NOUN,S,cm,
832,56,NUM,N,56,NumType=Card
833,x,NOUN,S,x,Gender=Masc
834,106,NUM,N,106,NumType=Card
835,.,PUNCT,FF,.,
836,33,NUM,N,33,NumType=Card
837,.,PUNCT,FF,.,
838,Uva,PROPN,SP,Uva,
839,",",PUNCT,FF,",",
840,1938,NUM,N,1938,NumType=Card
841,",",PUNCT,FF,",",
842,olio,NOUN,S,olio,Gender=Masc|Number=Sing
843,su,ADP,E,su,
844,tela,NOUN,S,tela,Gender=Fem|Number=Sing
845,",",PUNCT,FF,",",
846,cm,NOUN,S,cm,
847,32,NUM,N,32,NumType=Card
848,x,NOUN,S,x,Gender=Masc
849,36,NUM,N,36,NumType=Card
850,.,PUNCT,FF,.,
851,34,NUM,N,34,NumType=Card
852,.,PUNCT,FS,.,
853,Presepe,NOUN,S,presepe,Gender=Masc|Number=Sing
854,",",PUNCT,FF,",",
855,1938,NUM,N,1938,NumType=Card
856,",",PUNCT,FF,",",
857,olio,NOUN,S,olio,Gender=Masc|Number=Sing
858,su,ADP,E,su,
859,tela,NOUN,S,tela,Gender=Fem|Number=Sing
860,",",PUNCT,FF,",",
861,cm,NOUN,S,cm,
862,71,NUM,N,71,NumType=Card
863,x,NOUN,S,x,Gender=Masc
864,87,NUM,N,87,NumType=Card
865,.,PUNCT,FF,.,
866,35,NUM,N,35,NumType=Card
867,.,PUNCT,FF,.,
868,Gioie,NOUN,S,gioia,Gender=Fem|Number=Plur
869,mater,NOUN,S,mater,Gender=Fem
870,ne,ADP,E,in,
871,1936,NUM,N,1936,NumType=Card
872,?,PUNCT,FS,?,
873,",",PUNCT,FF,",",
874,olio,NOUN,S,olio,Gender=Masc|Number=Sing
875,su,ADP,E,su,
876,tela,NOUN,S,tela,Gender=Fem|Number=Sing
877,",",PUNCT,FF,",",
878,80,NUM,N,80,NumType=Card
879,x,NOUN,S,x,Gender=Masc
880,60,NUM,N,60,NumType=Card
881,.,PUNCT,FS,.,
882,36,NUM,N,36,NumType=Card
883,.,PUNCT,FF,.,
884,Ritratto,NOUN,S,ritratto,Gender=Masc|Number=Sing
885,di,ADP,E,di,
886,Lorenzo,PROPN,SP,Lorenzo,
887,Latronico,PROPN,SP,Latronico,
888,",",PUNCT,FF,",",
889,1895,NUM,N,1895,NumType=Card
890,–,PUNCT,FF,–,
891,1899,NUM,N,1899,NumType=Card
892,",",PUNCT,FF,",",
893,olio,NOUN,S,olio,Gender=Masc|Number=Sing
894,su,ADP,E,su,
895,tela,NOUN,S,tela,Gender=Fem|Number=Sing
896,",",PUNCT,FF,",",
897,cm,NOUN,S,cm,
898,80,NUM,N,80,NumType=Card
899,x,ADP,E,x,
900,60,NUM,N,60,NumType=Card
901,.,PUNCT,FS,.,
902,37,NUM,N,37,NumType=Card
903,.,PUNCT,FF,.,
904,Ritratto,NOUN,S,ritratto,Gender=Masc|Number=Sing
905,di,ADP,E,di,
906,Raffaele,PROPN,SP,Raffaele,
907,Latronico,PROPN,SP,Latronico,
908,",",PUNCT,FF,",",
909,1899,NUM,N,1899,NumType=Card
910,–,PUNCT,FF,–,
911,1905,NUM,N,1905,NumType=Card
912,",",PUNCT,FF,",",
913,olio,NOUN,S,olio,Gender=Masc|Number=Sing
914,su,ADP,E,su,
915,tela,NOUN,S,tela,Gender=Fem|Number=Sing
916,",",PUNCT,FF,",",
917,cm,NOUN,S,cm,
918,80,NUM,N,80,NumType=Card
919,x,ADP,E,x,
920,60,NUM,N,60,NumType=Card
921,.,PUNCT,FS,.,
