,text,upos,xpos,lemma,feats
0,Museo,NOUN,S,museo,Gender=Masc|Number=Sing
1,nazionale,ADJ,A,nazionale,Number=Sing
2,di,ADP,E,di,
3,Castello,PROPN,SP,Castello,
4,Pandone,PROPN,SP,Pandone,
5,",",PUNCT,FF,",",
6,Venafro,PROPN,SP,Venafro,
7,IL,DET,RD,il,Definite=Def|Gender=Masc|Number=Sing|PronType=Art
8,TERRITORIO,NOUN,S,territorio,Gender=Masc|Number=Sing
9,La,DET,RD,il,Definite=Def|Gender=Fem|Number=Sing|PronType=Art
10,posizione,NOUN,S,posizione,Gender=Fem|Number=Sing
11,geografica,ADJ,A,geografico,Gender=Fem|Number=Sing
12,e,CCONJ,CC,e,
13,la,DET,RD,il,Definite=Def|Gender=Fem|Number=Sing|PronType=Art
14,secolare,ADJ,A,secolare,Number=Sing
15,storia,NOUN,S,storia,Gender=Fem|Number=Sing
16,di,ADP,E,di,
17,Venafro,PROPN,SP,Venafro,
18,offrono,VERB,V,offrire,Mood=Ind|Number=Plur|Person=3|Tense=Pres|VerbForm=Fin
19,a,ADP,E,a,
20,il,DET,RD,il,Definite=Def|Gender=Masc|Number=Sing|PronType=Art
21,visitatore,NOUN,S,visitatore,Gender=Masc|Number=Sing
22,interessanti,ADJ,A,interessante,Number=Plur
23,itinerari,NOUN,S,itinerario,Gender=Masc|Number=Plur
24,di,ADP,E,di,
25,visita,NOUN,S,visita,Gender=Fem|Number=Sing
26,.,PUNCT,FS,.,
27,La,DET,RD,il,Definite=Def|Gender=Fem|Number=Sing|PronType=Art
28,città,NOUN,S,città,Gender=Fem
29,è,AUX,V,essere,Mood=Ind|Number=Sing|Person=3|Tense=Pres|VerbForm=Fin
30,il,DET,RD,il,Definite=Def|Gender=Masc|Number=Sing|PronType=Art
31,principale,ADJ,A,principale,Number=Sing
32,centro,NOUN,S,centro,Gender=Masc|Number=Sing
33,di,ADP,E,di,
34,l’,DET,RD,il,Definite=Def|Number=Sing|PronType=Art
35,alta,ADJ,A,alto,Gender=Fem|Number=Sing
36,valle,NOUN,S,valle,Gender=Fem|Number=Sing
37,di,ADP,E,di,
38,il,DET,RD,il,Definite=Def|Gender=Masc|Number=Sing|PronType=Art
39,Volturno,PROPN,SP,Volturno,
40,",",PUNCT,FF,",",
41,difesa,VERB,V,difendere,Gender=Fem|Number=Sing|Tense=Past|VerbForm=Part
42,questa,PRON,PD,questo,Gender=Fem|Number=Sing|PronType=Dem
43,da,ADP,E,da,
44,il,DET,RD,il,Definite=Def|Gender=Masc|Number=Sing|PronType=Art
45,massiccio,NOUN,S,massiccio,Gender=Masc|Number=Sing
46,di,ADP,E,di,
47,le,DET,RD,il,Definite=Def|Gender=Fem|Number=Plur|PronType=Art
48,Mainarde,PROPN,SP,Mainarde,
49,e,CCONJ,CC,e,
50,da,ADP,E,da,
51,quello,PRON,PD,quello,Gender=Masc|Number=Sing|PronType=Dem
52,di,ADP,E,di,
53,il,DET,RD,il,Definite=Def|Gender=Masc|Number=Sing|PronType=Art
54,Matese,PROPN,SP,Matese,
55,e,CCONJ,CC,e,
56,caratterizzata,VERB,V,caratterizzare,Gender=Fem|Number=Sing|Tense=Past|VerbForm=Part
57,da,ADP,E,da,
58,una,DET,RI,uno,Definite=Ind|Gender=Fem|Number=Sing|PronType=Art
59,pianura,NOUN,S,pianura,Gender=Fem|Number=Sing
60,alluvionale,ADJ,A,alluvionale,Number=Sing
61,",",PUNCT,FF,",",
62,e,CCONJ,CC,e,
63,testimoniata,VERB,V,testimoniare,Gender=Fem|Number=Sing|Tense=Past|VerbForm=Part
64,sin,ADV,B,sino,
65,da,ADP,E,da,
66,la,DET,RD,il,Definite=Def|Gender=Fem|Number=Sing|PronType=Art
67,preistoria,NOUN,S,preistoria,Gender=Fem|Number=Sing
68,si,PRON,PC,si,Clitic=Yes|Person=3|PronType=Prs
69,sviluppò,VERB,V,sviluppare,Mood=Ind|Number=Sing|Person=3|Tense=Past|VerbForm=Fin
70,in,ADP,E,in,
71,epoca,NOUN,S,epoca,Gender=Fem|Number=Sing
72,sannitica,ADJ,A,sannitico,Gender=Fem|Number=Sing
73,e,CCONJ,CC,e,
74,romana,ADJ,A,romano,Gender=Fem|Number=Sing
75,.,PUNCT,FS,.,
76,Venafro,PROPN,SP,Venafro,
77,controllava,VERB,V,controllare,Mood=Ind|Number=Sing|Person=3|Tense=Imp|VerbForm=Fin
78,la,DET,RD,il,Definite=Def|Gender=Fem|Number=Sing|PronType=Art
79,biforcazione,NOUN,S,biforcazione,Gender=Fem|Number=Sing
80,di,ADP,E,di,
81,l’,DET,RD,il,Definite=Def|Number=Sing|PronType=Art
82,antica,ADJ,A,antico,Gender=Fem|Number=Sing
83,via,NOUN,S,via,Gender=Fem|Number=Sing
84,Latina,PROPN,SP,Latina,
85,(,PUNCT,FB,(,
86,verso,ADP,E,verso,
87,la,DET,RD,il,Definite=Def|Gender=Fem|Number=Sing|PronType=Art
88,Campania,PROPN,SP,Campania,
89,e,CCONJ,CC,e,
90,il,DET,RD,il,Definite=Def|Gender=Masc|Number=Sing|PronType=Art
91,Sannio,PROPN,SP,Sannio,
92,),PUNCT,FB,),
93,divenendo,VERB,V,divenire,VerbForm=Ger
94,importante,ADJ,A,importante,Number=Sing
95,per,ADP,E,per,
96,i,DET,RD,il,Definite=Def|Gender=Masc|Number=Plur|PronType=Art
97,commerci,NOUN,S,commerco,Gender=Masc|Number=Plur
98,.,PUNCT,FS,.,
99,Roma,PROPN,SP,Roma,
100,fondò,VERB,V,fondare,Mood=Ind|Number=Sing|Person=3|Tense=Past|VerbForm=Fin
101,una,DET,RI,uno,Definite=Ind|Gender=Fem|Number=Sing|PronType=Art
102,prefettura,NOUN,S,prefettura,Gender=Fem|Number=Sing
103,su,ADP,E,su,
104,l’,DET,RD,il,Definite=Def|Number=Sing|PronType=Art
105,antica,ADJ,A,antico,Gender=Fem|Number=Sing
106,città,NOUN,S,città,Gender=Fem
107,sannitica,ADJ,A,sannitico,Gender=Fem|Number=Sing
108,.,PUNCT,FS,.,
109,Venafro,PROPN,SP,Venafro,
110,divenne,VERB,V,divenire,Mood=Ind|Number=Sing|Person=3|Tense=Past|VerbForm=Fin
111,prefettura,NOUN,S,prefettura,Gender=Fem|Number=Sing
112,di,ADP,E,di,
113,Roma,PROPN,SP,Roma,
114,dopo,ADP,E,dopo,
115,la,DET,RD,il,Definite=Def|Gender=Fem|Number=Sing|PronType=Art
116,conquista,NOUN,S,conquista,Gender=Fem|Number=Sing
117,di,ADP,E,di,
118,il,DET,RD,il,Definite=Def|Gender=Masc|Number=Sing|PronType=Art
119,Sannio,PROPN,SP,Sannio,
120,in,ADP,E,in,
121,il,DET,RD,il,Definite=Def|Gender=Masc|Number=Sing|PronType=Art
122,290,NUM,N,290,NumType=Card
123,a,ADP,E,a,
124,.C.,PROPN,SP,.C.,
125,furono,AUX,VA,essere,Mood=Ind|Number=Plur|Person=3|Tense=Past|VerbForm=Fin
126,realizzate,VERB,V,realizzare,Gender=Fem|Number=Plur|Tense=Past|VerbForm=Part
127,opere,NOUN,S,opera,Gender=Fem|Number=Plur
128,pubbliche,ADJ,A,pubblico,Gender=Fem|Number=Plur
129,come,ADP,E,come,
130,l’,DET,RD,il,Definite=Def|Number=Sing|PronType=Art
131,acquedotto,NOUN,S,acquedotto,Gender=Masc|Number=Sing
132,",",PUNCT,FF,",",
133,l’,DET,RD,il,Definite=Def|Number=Sing|PronType=Art
134,anfiteatro,NOUN,S,anfiteatro,Gender=Masc|Number=Sing
135,(,PUNCT,FB,(,
136,il,DET,RD,il,Definite=Def|Gender=Masc|Number=Sing|PronType=Art
137,Verlascio,PROPN,SP,Verlascio,
138,),PUNCT,FB,),
139,",",PUNCT,FF,",",
140,il,DET,RD,il,Definite=Def|Gender=Masc|Number=Sing|PronType=Art
141,teatro,NOUN,S,teatro,Gender=Masc|Number=Sing
142,.,PUNCT,FS,.,
143,La,DET,RD,il,Definite=Def|Gender=Fem|Number=Sing|PronType=Art
144,crisi,NOUN,S,crisi,Gender=Fem
145,di,ADP,E,di,
146,l’,DET,RD,il,Definite=Def|Number=Sing|PronType=Art
147,Impero,NOUN,S,impero,Gender=Masc|Number=Sing
148,causò,VERB,V,causare,Mood=Ind|Number=Sing|Person=3|Tense=Past|VerbForm=Fin
149,l’,DET,RD,il,Definite=Def|Number=Sing|PronType=Art
150,abbandono,NOUN,S,abbandono,Gender=Masc|Number=Sing
151,di,ADP,E,di,
152,la,DET,RD,il,Definite=Def|Gender=Fem|Number=Sing|PronType=Art
153,città,NOUN,S,città,Gender=Fem
154,che,PRON,PR,che,PronType=Rel
155,si,PRON,PC,si,Clitic=Yes|Person=3|PronType=Prs
156,contrasse,VERB,V,contrarre,Mood=Ind|Number=Sing|Person=3|Tense=Past|VerbForm=Fin
157,intorno,ADV,B,intorno,
158,a,ADP,E,a,
159,la,DET,RD,il,Definite=Def|Gender=Fem|Number=Sing|PronType=Art
160,cattedrale,NOUN,S,cattedrale,Gender=Fem|Number=Sing
161,.,PUNCT,FS,.,
162,A,ADP,E,a,
163,la,DET,RD,il,Definite=Def|Gender=Fem|Number=Sing|PronType=Art
164,fine,NOUN,S,fine,Gender=Fem|Number=Sing
165,di,ADP,E,di,
166,il,DET,RD,il,Definite=Def|Gender=Masc|Number=Sing|PronType=Art
167,VI,ADJ,NO,VI,NumType=Ord|Number=Sing
168,secolo,NOUN,S,secolo,Gender=Masc|Number=Sing
169,",",PUNCT,FF,",",
170,i,DET,RD,il,Definite=Def|Gender=Masc|Number=Plur|PronType=Art
171,Longobardi,PROPN,SP,Longobardi,
172,",",PUNCT,FF,",",
173,con,ADP,E,con,
174,la,DET,RD,il,Definite=Def|Gender=Fem|Number=Sing|PronType=Art
175,scomparsa,NOUN,S,scomparsa,Gender=Fem|Number=Sing
176,di,ADP,E,di,
177,la,DET,RD,il,Definite=Def|Gender=Fem|Number=Sing|PronType=Art
178,sede,NOUN,S,sede,Gender=Fem|Number=Sing
179,vescovile,ADJ,A,vescovile,Number=Sing
180,",",PUNCT,FF,",",
181,occuparono,VERB,V,occupare,Mood=Ind|Number=Plur|Person=3|Tense=Past|VerbForm=Fin
182,per,ADP,E,per,
183,esigenze,NOUN,S,esigenza,Gender=Fem|Number=Plur
184,difensive,ADJ,A,difensivo,Gender=Fem|Number=Plur
185,la,DET,RD,il,Definite=Def|Gender=Fem|Number=Sing|PronType=Art
186,possente,ADJ,A,possente,Number=Sing
187,struttura,NOUN,S,struttura,Gender=Fem|Number=Sing
188,di,ADP,E,di,
189,l’,DET,RD,il,Definite=Def|Number=Sing|PronType=Art
190,anfiteatro,NOUN,S,anfiteatro,Gender=Masc|Number=Sing
191,.,PUNCT,FS,.,
192,A,ADP,E,a,
193,la,DET,RD,il,Definite=Def|Gender=Fem|Number=Sing|PronType=Art
194,fine,NOUN,S,fine,Gender=Fem|Number=Sing
195,di,ADP,E,di,
196,il,DET,RD,il,Definite=Def|Gender=Masc|Number=Sing|PronType=Art
197,X,ADJ,NO,X,NumType=Ord|Number=Sing
198,secolo,NOUN,S,secolo,Gender=Masc|Number=Sing
199,l’,DET,RD,il,Definite=Def|Number=Sing|PronType=Art
200,abitato,NOUN,S,abitato,Gender=Masc|Number=Sing
201,si,PRON,PC,si,Clitic=Yes|Person=3|PronType=Prs
202,spostò,VERB,V,spostare,Mood=Ind|Number=Sing|Person=3|Tense=Past|VerbForm=Fin
203,a,ADP,E,a,
204,nord,NOUN,S,nord,Gender=Masc|Number=Sing
205,verso,ADP,E,verso,
206,i,DET,RD,il,Definite=Def|Gender=Masc|Number=Plur|PronType=Art
207,rilievi,NOUN,S,rilievo,Gender=Masc|Number=Plur
208,montuosi,ADJ,A,montuoso,Gender=Masc|Number=Plur
209,",",PUNCT,FF,",",
210,su,ADP,E,su,
211,i,DET,RD,il,Definite=Def|Gender=Masc|Number=Plur|PronType=Art
212,resti,NOUN,S,resto,Gender=Masc|Number=Plur
213,di,ADP,E,di,
214,precedenti,ADJ,A,precedente,Number=Plur
215,strutture,NOUN,S,struttura,Gender=Fem|Number=Plur
216,romane,ADJ,A,romano,Gender=Fem|Number=Plur
217,e,CCONJ,CC,e,
218,qui,ADV,B,qui,
219,si,PRON,PC,si,Clitic=Yes|Person=3|PronType=Prs
220,formò,VERB,V,formare,Mood=Ind|Number=Sing|Person=3|Tense=Past|VerbForm=Fin
221,il,DET,RD,il,Definite=Def|Gender=Masc|Number=Sing|PronType=Art
222,nucleo,NOUN,S,nucleo,Gender=Masc|Number=Sing
223,originario,ADJ,A,originario,Gender=Masc|Number=Sing
224,di,ADP,E,di,
225,il,DET,RD,il,Definite=Def|Gender=Masc|Number=Sing|PronType=Art
226,castello,NOUN,S,castello,Gender=Masc|Number=Sing
227,Pandone,PROPN,SP,Pandone,
228,.,PUNCT,FS,.,
229,Su,ADP,E,su,
230,lo,DET,RD,il,Definite=Def|Gender=Masc|Number=Sing|PronType=Art
231,scenario,NOUN,S,scenario,Gender=Masc|Number=Sing
232,naturale,ADJ,A,naturale,Number=Sing
233,di,ADP,E,di,
234,il,DET,RD,il,Definite=Def|Gender=Masc|Number=Sing|PronType=Art
235,Monte,NOUN,S,monte,Gender=Masc|Number=Sing
236,Santa,PROPN,SP,Santa,
237,Croce,NOUN,S,croce,Gender=Fem|Number=Sing
238,e,CCONJ,CC,e,
239,fra,ADP,E,fra,
240,gli,DET,RD,il,Definite=Def|Gender=Masc|Number=Plur|PronType=Art
241,uliveti,NOUN,S,uliveta,Gender=Masc|Number=Plur
242,",",PUNCT,FF,",",
243,caratterizzanti,VERB,V,caratterizzare,Number=Plur|Tense=Pres|VerbForm=Part
244,da,ADP,E,da,
245,secoli,NOUN,S,secolo,Gender=Masc|Number=Plur
246,il,DET,RD,il,Definite=Def|Gender=Masc|Number=Sing|PronType=Art
247,paesaggio,NOUN,S,paesaggio,Gender=Masc|Number=Sing
248,agrario,ADJ,A,agrario,Gender=Masc|Number=Sing
249,venafrano,VERB,V,venafrare,Mood=Ind|Number=Plur|Person=3|Tense=Pres|VerbForm=Fin
250,",",PUNCT,FF,",",
251,la,DET,RD,il,Definite=Def|Gender=Fem|Number=Sing|PronType=Art
252,città,NOUN,S,città,Gender=Fem
253,medievale,ADJ,A,medievale,Number=Sing
254,si,PRON,PC,si,Clitic=Yes|Person=3|PronType=Prs
255,ampliò,VERB,V,ampliare,Mood=Ind|Number=Sing|Person=3|Tense=Past|VerbForm=Fin
256,gradualmente,ADV,B,gradualmente,
257,di,ADP,E,di,
258,nuovo,ADJ,A,nuovo,Gender=Masc|Number=Sing
259,verso,ADP,E,verso,
260,la,DET,RD,il,Definite=Def|Gender=Fem|Number=Sing|PronType=Art
261,piana,NOUN,S,piana,Gender=Fem|Number=Sing
262,.,PUNCT,FS,.,
263,L’,DET,RD,il,Definite=Def|Number=Sing|PronType=Art
264,evoluzione,NOUN,S,evoluzione,Gender=Fem|Number=Sing
265,urbanistica,ADJ,A,urbanistico,Gender=Fem|Number=Sing
266,determinò,VERB,V,determinare,Mood=Ind|Number=Sing|Person=3|Tense=Past|VerbForm=Fin
267,anche,ADV,B,anche,
268,l’,DET,RD,il,Definite=Def|Number=Sing|PronType=Art
269,insolita,ADJ,A,insolito,Gender=Fem|Number=Sing
270,posizione,NOUN,S,posizione,Gender=Fem|Number=Sing
271,di,ADP,E,di,
272,la,DET,RD,il,Definite=Def|Gender=Fem|Number=Sing|PronType=Art
273,cattedrale,NOUN,S,cattedrale,Gender=Fem|Number=Sing
274,fuori,ADV,B,fuori,
275,da,ADP,E,da,
276,le,DET,RD,il,Definite=Def|Gender=Fem|Number=Plur|PronType=Art
277,mura,NOUN,S,muro,Gender=Fem|Number=Plur
278,.,PUNCT,FS,.,
279,Tra,ADP,E,tra,
280,il,DET,RD,il,Definite=Def|Gender=Masc|Number=Sing|PronType=Art
281,XIV,ADJ,NO,XIV,NumType=Ord|Number=Sing
282,ed,CCONJ,CC,e,
283,il,DET,RD,il,Definite=Def|Gender=Masc|Number=Sing|PronType=Art
284,XV,ADJ,NO,XV,NumType=Ord|Number=Sing
285,Venafro,PROPN,SP,Venafro,
286,vide,VERB,V,vedere,Mood=Ind|Number=Sing|Person=3|Tense=Past|VerbForm=Fin
287,un,DET,RI,uno,Definite=Ind|Gender=Masc|Number=Sing|PronType=Art
288,ulteriore,ADJ,A,ulteriore,Number=Sing
289,sviluppo,NOUN,S,sviluppo,Gender=Masc|Number=Sing
290,con,ADP,E,con,
291,gli,DET,RD,il,Definite=Def|Gender=Masc|Number=Plur|PronType=Art
292,angioini,NOUN,S,angioino,Gender=Masc|Number=Plur
293,e,CCONJ,CC,e,
294,con,ADP,E,con,
295,gli,DET,RD,il,Definite=Def|Gender=Masc|Number=Plur|PronType=Art
296,aragonesi,NOUN,S,aragonese,Number=Plur
297,:,PUNCT,FC,:,
298,sotto,ADP,E,sotto,
299,questi,DET,DD,questo,Gender=Masc|Number=Plur|PronType=Dem
300,ultimi,ADJ,NO,ultimo,Gender=Masc|NumType=Ord|Number=Plur
301,divenne,VERB,V,divenire,Mood=Ind|Number=Sing|Person=3|Tense=Past|VerbForm=Fin
302,feudo,NOUN,S,feudo,Gender=Masc|Number=Sing
303,di,ADP,E,di,
304,la,DET,RD,il,Definite=Def|Gender=Fem|Number=Sing|PronType=Art
305,famiglia,NOUN,S,famiglia,Gender=Fem|Number=Sing
306,Pandone,PROPN,SP,Pandone,
307,",",PUNCT,FF,",",
308,che,PRON,PR,che,PronType=Rel
309,gli,PRON,PC,gli,Clitic=Yes|Gender=Masc|Number=Sing|Person=3|PronType=Prs
310,conferirono,VERB,V,conferire,Mood=Ind|Number=Plur|Person=3|Tense=Past|VerbForm=Fin
311,anche,ADV,B,anche,
312,carattere,NOUN,S,carattere,Gender=Masc|Number=Sing
313,rinascimentale,ADJ,A,rinascimentale,Number=Sing
314,.,PUNCT,FS,.,
315,La,DET,RD,il,Definite=Def|Gender=Fem|Number=Sing|PronType=Art
316,città,NOUN,S,città,Gender=Fem
317,conserva,VERB,V,conservare,Mood=Ind|Number=Sing|Person=3|Tense=Pres|VerbForm=Fin
318,le,DET,RD,il,Definite=Def|Gender=Fem|Number=Plur|PronType=Art
319,tracce,NOUN,S,traccia,Gender=Fem|Number=Plur
320,di,ADP,E,di,
321,la,DET,RD,il,Definite=Def|Gender=Fem|Number=Sing|PronType=Art
322,sua,DET,AP,suo,Gender=Fem|Number=Sing|Poss=Yes|PronType=Prs
323,storia,NOUN,S,storia,Gender=Fem|Number=Sing
324,millenaria,ADJ,A,millenario,Gender=Fem|Number=Sing
325,e,CCONJ,CC,e,
326,",",PUNCT,FF,",",
327,nonostante,ADP,E,nonostante,
328,il,DET,RD,il,Definite=Def|Gender=Masc|Number=Sing|PronType=Art
329,convulso,ADJ,A,convulso,Gender=Masc|Number=Sing
330,sviluppo,NOUN,S,sviluppo,Gender=Masc|Number=Sing
331,moderno,ADJ,A,moderno,Gender=Masc|Number=Sing
332,",",PUNCT,FF,",",
333,è,AUX,V,essere,Mood=Ind|Number=Sing|Person=3|Tense=Pres|VerbForm=Fin
334,ancora,ADV,B,ancora,
335,apprezzabile,ADJ,A,apprezzabile,Number=Sing
336,il,DET,RD,il,Definite=Def|Gender=Masc|Number=Sing|PronType=Art
337,rapporto,NOUN,S,rapporto,Gender=Masc|Number=Sing
338,armonioso,ADJ,A,armonioso,Gender=Masc|Number=Sing
339,con,ADP,E,con,
340,il,DET,RD,il,Definite=Def|Gender=Masc|Number=Sing|PronType=Art
341,paesaggio,NOUN,S,paesaggio,Gender=Masc|Number=Sing
342,.,PUNCT,FS,.,
343,IL,DET,RD,il,Definite=Def|Gender=Masc|Number=Sing|PronType=Art
344,CASTELLO,PROPN,SP,Castello,
345,Il,DET,RD,il,Definite=Def|Gender=Masc|Number=Sing|PronType=Art
346,primo,ADJ,NO,primo,Gender=Masc|NumType=Ord|Number=Sing
347,nucleo,NOUN,S,nucleo,Gender=Masc|Number=Sing
348,di,ADP,E,di,
349,il,DET,RD,il,Definite=Def|Gender=Masc|Number=Sing|PronType=Art
350,castello,NOUN,S,castello,Gender=Masc|Number=Sing
351,è,AUX,V,essere,Mood=Ind|Number=Sing|Person=3|Tense=Pres|VerbForm=Fin
352,una,DET,RI,uno,Definite=Ind|Gender=Fem|Number=Sing|PronType=Art
353,struttura,NOUN,S,struttura,Gender=Fem|Number=Sing
354,megalitica,ADJ,A,megalitico,Gender=Fem|Number=Sing
355,",",PUNCT,FF,",",
356,i,DET,RD,il,Definite=Def|Gender=Masc|Number=Plur|PronType=Art
357,cui,DET,DR,cui,PronType=Rel
358,resti,NOUN,S,resto,Gender=Masc|Number=Plur
359,sono,AUX,V,essere,Mood=Ind|Number=Plur|Person=3|Tense=Pres|VerbForm=Fin
360,visibili,ADJ,A,visibile,Number=Plur
361,a,ADP,E,a,
362,la,DET,RD,il,Definite=Def|Gender=Fem|Number=Sing|PronType=Art
363,base,NOUN,S,base,Gender=Fem|Number=Sing
364,di,ADP,E,di,
365,il,DET,RD,il,Definite=Def|Gender=Masc|Number=Sing|PronType=Art
366,mastio,NOUN,S,mastio,Gender=Masc|Number=Sing
367,longobardo,ADJ,A,longobardo,Gender=Masc|Number=Sing
368,.,PUNCT,FS,.,
369,Lo,DET,RD,il,Definite=Def|Gender=Masc|Number=Sing|PronType=Art
370,sviluppo,NOUN,S,sviluppo,Gender=Masc|Number=Sing
371,di,ADP,E,di,
372,il,DET,RD,il,Definite=Def|Gender=Masc|Number=Sing|PronType=Art
373,complesso,NOUN,S,complesso,Gender=Masc|Number=Sing
374,fortificato,ADJ,A,fortificato,Gender=Masc|Number=Sing
375,si,PRON,PC,si,Clitic=Yes|Person=3|PronType=Prs
376,ebbe,VERB,V,avere,Mood=Ind|Number=Sing|Person=3|Tense=Past|VerbForm=Fin
377,in,ADP,E,in,
378,la,DET,RD,il,Definite=Def|Gender=Fem|Number=Sing|PronType=Art
379,seconda,ADJ,NO,secondo,Gender=Fem|NumType=Ord|Number=Sing
380,metà,NOUN,S,metà,Gender=Fem
381,di,ADP,E,di,
382,il,DET,RD,il,Definite=Def|Gender=Masc|Number=Sing|PronType=Art
383,X,ADJ,NO,X,NumType=Ord|Number=Sing
384,secolo,NOUN,S,secolo,Gender=Masc|Number=Sing
385,;,PUNCT,FC,;,
386,il,DET,RD,il,Definite=Def|Gender=Masc|Number=Sing|PronType=Art
387,conte,NOUN,S,conte,Gender=Masc|Number=Sing
388,longobardo,ADJ,A,longobardo,Gender=Masc|Number=Sing
389,Paldefredo,PROPN,SP,Paldefredo,
390,e,CCONJ,CC,e,
391,i,DET,RD,il,Definite=Def|Gender=Masc|Number=Plur|PronType=Art
392,suoi,DET,AP,suo,Gender=Masc|Number=Plur|Poss=Yes|PronType=Prs
393,successori,NOUN,S,successore,Gender=Masc|Number=Plur
394,potenziarono,VERB,V,potenziare,Mood=Ind|Number=Plur|Person=3|Tense=Past|VerbForm=Fin
395,la,DET,RD,il,Definite=Def|Gender=Fem|Number=Sing|PronType=Art
396,fortezza,NOUN,S,fortezza,Gender=Fem|Number=Sing
397,con,ADP,E,con,
398,l’,DET,RD,il,Definite=Def|Number=Sing|PronType=Art
399,elevazione,NOUN,S,elevazione,Gender=Fem|Number=Sing
400,di,ADP,E,di,
401,un,DET,RI,uno,Definite=Ind|Gender=Masc|Number=Sing|PronType=Art
402,recinto,NOUN,S,recinto,Gender=Masc|Number=Sing
403,quadrangolare,ADJ,A,quadrangolare,Number=Sing
404,con,ADP,E,con,
405,almeno,ADV,B,almeno,
406,due,NUM,N,due,NumType=Card
407,torrioni,NOUN,S,torrione,Gender=Masc|Number=Plur
408,.,PUNCT,FS,.,
409,Con,ADP,E,con,
410,l’,DET,RD,il,Definite=Def|Number=Sing|PronType=Art
411,avvento,NOUN,S,avvento,Gender=Masc|Number=Sing
412,di,ADP,E,di,
413,i,DET,RD,il,Definite=Def|Gender=Masc|Number=Plur|PronType=Art
414,Normanni,PROPN,SP,Normanni,
415,",",PUNCT,FF,",",
416,il,DET,RD,il,Definite=Def|Gender=Masc|Number=Sing|PronType=Art
417,castello,NOUN,S,castello,Gender=Masc|Number=Sing
418,e,CCONJ,CC,e,
419,il,DET,RD,il,Definite=Def|Gender=Masc|Number=Sing|PronType=Art
420,borgo,NOUN,S,borgo,Gender=Masc|Number=Sing
421,subirono,VERB,V,subire,Mood=Ind|Number=Plur|Person=3|Tense=Past|VerbForm=Fin
422,ingenti,ADJ,A,ingente,Number=Plur
423,danni,NOUN,S,danno,Gender=Masc|Number=Plur
424,per,ADP,E,per,
425,opera,NOUN,S,opera,Gender=Fem|Number=Sing
426,di,ADP,E,di,
427,le,DET,RD,il,Definite=Def|Gender=Fem|Number=Plur|PronType=Art
428,truppe,NOUN,S,truppa,Gender=Fem|Number=Plur
429,di,ADP,E,di,
430,re,NOUN,S,re,Gender=Masc
431,Ruggero,PROPN,SP,Ruggero,
432,II,ADJ,NO,II,NumType=Ord|Number=Sing
433,d’,ADP,E,di,
434,Altavilla,PROPN,SP,Altavilla,
435,.,PUNCT,FS,.,
436,In,ADP,E,in,
437,il,DET,RD,il,Definite=Def|Gender=Masc|Number=Sing|PronType=Art
438,periodo,NOUN,S,periodo,Gender=Masc|Number=Sing
439,angioino,ADJ,A,angioino,Gender=Masc|Number=Sing
440,furono,AUX,VA,essere,Mood=Ind|Number=Plur|Person=3|Tense=Past|VerbForm=Fin
441,realizzati,VERB,V,realizzare,Gender=Masc|Number=Plur|Tense=Past|VerbForm=Part
442,un,DET,RI,uno,Definite=Ind|Gender=Masc|Number=Sing|PronType=Art
443,fossato,NOUN,S,fossato,Gender=Masc|Number=Sing
444,e,CCONJ,CC,e,
445,le,DET,RD,il,Definite=Def|Gender=Fem|Number=Plur|PronType=Art
446,tre,NUM,N,tre,NumType=Card
447,grandi,ADJ,A,grande,Number=Plur
448,torri,NOUN,S,torro,Gender=Fem|Number=Plur
449,circolari,ADJ,A,circolare,Number=Plur
450,a,ADP,E,a,
451,base,NOUN,S,base,Gender=Fem|Number=Sing
452,tronco,ADJ,A,tronco,Gender=Masc|Number=Sing
453,-,PUNCT,FF,-,
454,conica,ADJ,A,conico,Gender=Fem|Number=Sing
455,.,PUNCT,FS,.,
456,In,ADP,E,in,
457,il,DET,RD,il,Definite=Def|Gender=Masc|Number=Sing|PronType=Art
458,1443,NUM,N,1443,NumType=Card
459,",",PUNCT,FF,",",
460,con,ADP,E,con,
461,gli,DET,RD,il,Definite=Def|Gender=Masc|Number=Plur|PronType=Art
462,aragonesi,NOUN,S,aragonese,Number=Plur
463,",",PUNCT,FF,",",
464,il,DET,RD,il,Definite=Def|Gender=Masc|Number=Sing|PronType=Art
465,castello,NOUN,S,castello,Gender=Masc|Number=Sing
466,passò,VERB,V,passare,Mood=Ind|Number=Sing|Person=3|Tense=Past|VerbForm=Fin
467,a,ADP,E,a,
468,la,DET,RD,il,Definite=Def|Gender=Fem|Number=Sing|PronType=Art
469,famiglia,NOUN,S,famiglia,Gender=Fem|Number=Sing
470,Pandone,PROPN,SP,Pandone,
471,.,PUNCT,FS,.,
472,Il,DET,RD,il,Definite=Def|Gender=Masc|Number=Sing|PronType=Art
473,conte,NOUN,S,conte,Gender=Masc|Number=Sing
474,Francesco,PROPN,SP,Francesco,
475,commissionò,VERB,V,commissionare,Mood=Ind|Number=Sing|Person=3|Tense=Past|VerbForm=Fin
476,l’,DET,RD,il,Definite=Def|Number=Sing|PronType=Art
477,ampliamento,NOUN,S,ampliamento,Gender=Masc|Number=Sing
478,di,ADP,E,di,
479,il,DET,RD,il,Definite=Def|Gender=Masc|Number=Sing|PronType=Art
480,fossato,NOUN,S,fossato,Gender=Masc|Number=Sing
481,e,CCONJ,CC,e,
482,la,DET,RD,il,Definite=Def|Gender=Fem|Number=Sing|PronType=Art
483,costruzione,NOUN,S,costruzione,Gender=Fem|Number=Sing
484,di,ADP,E,di,
485,una,DET,RI,uno,Definite=Ind|Gender=Fem|Number=Sing|PronType=Art
486,braga,NOUN,S,braga,Gender=Fem|Number=Sing
487,merlata,ADJ,A,merlato,Gender=Fem|Number=Sing
488,",",PUNCT,FF,",",
489,mentre,SCONJ,CS,mentre,
490,Enrico,PROPN,SP,Enrico,
491,",",PUNCT,FF,",",
492,a,ADP,E,a,
493,l’,DET,RD,il,Definite=Def|Number=Sing|PronType=Art
494,inizio,NOUN,S,inizio,Gender=Masc|Number=Sing
495,di,ADP,E,di,
496,il,DET,RD,il,Definite=Def|Gender=Masc|Number=Sing|PronType=Art
497,Cinquecento,NUM,N,cinquecento,NumType=Card
498,",",PUNCT,FF,",",
499,trasformò,VERB,V,trasformare,Mood=Ind|Number=Sing|Person=3|Tense=Past|VerbForm=Fin
500,la,DET,RD,il,Definite=Def|Gender=Fem|Number=Sing|PronType=Art
501,struttura,NOUN,S,struttura,Gender=Fem|Number=Sing
502,in,ADP,E,in,
503,residenza,NOUN,S,residenza,Gender=Fem|Number=Sing
504,",",PUNCT,FF,",",
505,facendo,VERB,V,fare,VerbForm=Ger
506,realizzare,VERB,V,realizzare,VerbForm=Inf
507,il,DET,RD,il,Definite=Def|Gender=Masc|Number=Sing|PronType=Art
508,loggiato,NOUN,S,loggiato,Gender=Masc|Number=Sing
509,",",PUNCT,FF,",",
510,il,DET,RD,il,Definite=Def|Gender=Masc|Number=Sing|PronType=Art
511,giardino,NOUN,S,giardino,Gender=Masc|Number=Sing
512,",",PUNCT,FF,",",
513,e,CCONJ,CC,e,
514,l’,DET,RD,il,Definite=Def|Number=Sing|PronType=Art
515,importante,ADJ,A,importante,Number=Sing
516,decorazione,NOUN,S,decorazione,Gender=Fem|Number=Sing
517,pittorica,ADJ,A,pittorico,Gender=Fem|Number=Sing
518,(,PUNCT,FB,(,
519,1522,NUM,N,1522,NumType=Card
520,–,PUNCT,FF,–,
521,1527,NUM,N,1527,NumType=Card
522,),PUNCT,FB,),
523,raffigurante,VERB,V,raffigurare,Number=Sing|Tense=Pres|VerbForm=Part
524,i,DET,RD,il,Definite=Def|Gender=Masc|Number=Plur|PronType=Art
525,migliori,ADJ,A,migliore,Degree=Cmp|Number=Plur
526,cavalli,NOUN,S,cavallo,Gender=Masc|Number=Plur
527,di,ADP,E,di,
528,il,DET,RD,il,Definite=Def|Gender=Masc|Number=Sing|PronType=Art
529,suo,DET,AP,suo,Gender=Masc|Number=Sing|Poss=Yes|PronType=Prs
530,famoso,ADJ,A,famoso,Gender=Masc|Number=Sing
531,allevamento,NOUN,S,allevamento,Gender=Masc|Number=Sing
532,.,PUNCT,FS,.,
533,Dopo,ADP,E,dopo,
534,la,DET,RD,il,Definite=Def|Gender=Fem|Number=Sing|PronType=Art
535,decapitazione,NOUN,S,decapitazione,Gender=Fem|Number=Sing
536,di,ADP,E,di,
537,Enrico,PROPN,SP,Enrico,
538,per,ADP,E,per,
539,il,DET,RD,il,Definite=Def|Gender=Masc|Number=Sing|PronType=Art
540,tradimento,NOUN,S,tradimento,Gender=Masc|Number=Sing
541,verso,ADP,E,verso,
542,Carlo,PROPN,SP,Carlo,
543,V,ADJ,NO,V,NumType=Ord|Number=Sing
544,",",PUNCT,FF,",",
545,il,DET,RD,il,Definite=Def|Gender=Masc|Number=Sing|PronType=Art
546,feudo,NOUN,S,feudo,Gender=Masc|Number=Sing
547,passò,VERB,V,passare,Mood=Ind|Number=Sing|Person=3|Tense=Past|VerbForm=Fin
548,ad,ADP,E,a,
549,altre,ADJ,A,altro,Gender=Fem|Number=Plur
550,famiglie,NOUN,S,famiglia,Gender=Fem|Number=Plur
551,tra,ADP,E,tra,
552,cui,PRON,PR,cui,PronType=Rel
553,i,DET,RD,il,Definite=Def|Gender=Masc|Number=Plur|PronType=Art
554,Lannoy,PROPN,SP,Lannoy,
555,",",PUNCT,FF,",",
556,che,PRON,PR,che,PronType=Rel
557,apportarono,VERB,V,apportare,Mood=Ind|Number=Plur|Person=3|Tense=Past|VerbForm=Fin
558,ulteriori,ADJ,A,ulteriore,Number=Plur
559,modifiche,NOUN,S,modifica,Gender=Fem|Number=Plur
560,a,ADP,E,a,
561,l’,DET,RD,il,Definite=Def|Number=Sing|PronType=Art
562,architettura,NOUN,S,architettura,Gender=Fem|Number=Sing
563,e,CCONJ,CC,e,
564,a,ADP,E,a,
565,le,DET,RD,il,Definite=Def|Gender=Fem|Number=Plur|PronType=Art
566,decorazioni,NOUN,S,decorazione,Gender=Fem|Number=Plur
567,",",PUNCT,FF,",",
568,accentuando,VERB,V,accentuare,VerbForm=Ger
569,il,DET,RD,il,Definite=Def|Gender=Masc|Number=Sing|PronType=Art
570,carattere,NOUN,S,carattere,Gender=Masc|Number=Sing
571,residenziale,ADJ,A,residenziale,Number=Sing
572,di,ADP,E,di,
573,il,DET,RD,il,Definite=Def|Gender=Masc|Number=Sing|PronType=Art
574,castello,NOUN,S,castello,Gender=Masc|Number=Sing
575,.,PUNCT,FS,.,
576,IL,DET,RD,il,Definite=Def|Gender=Masc|Number=Sing|PronType=Art
577,MUSEO,PROPN,SP,MUSEO,
578,A,PROPN,SP,A,
579,Venafro,PROPN,SP,Venafro,
580,",",PUNCT,FF,",",
581,“,PUNCT,FB,“,
582,porta,NOUN,S,porta,Gender=Fem|Number=Sing
583,di,ADP,E,di,
584,il,DET,RD,il,Definite=Def|Gender=Masc|Number=Sing|PronType=Art
585,Molise,PROPN,SP,Molise,
586,”,PUNCT,FB,”,
587,",",PUNCT,FF,",",
588,in,ADP,E,in,
589,il,DET,RD,il,Definite=Def|Gender=Masc|Number=Sing|PronType=Art
590,punto,NOUN,S,punto,Gender=Masc|Number=Sing
591,di,ADP,E,di,
592,incontro,NOUN,S,incontro,Gender=Masc|Number=Sing
593,con,ADP,E,con,
594,Lazio,PROPN,SP,Lazio,
595,",",PUNCT,FF,",",
596,Campania,PROPN,SP,Campania,
597,e,CCONJ,CC,e,
598,Abruzzo,PROPN,SP,Abruzzo,
599,",",PUNCT,FF,",",
600,si,PRON,PC,si,Clitic=Yes|Person=3|PronType=Prs
601,presenta,VERB,V,presentare,Mood=Ind|Number=Sing|Person=3|Tense=Pres|VerbForm=Fin
602,a,ADP,E,a,
603,il,DET,RD,il,Definite=Def|Gender=Masc|Number=Sing|PronType=Art
604,pubblico,NOUN,S,pubblico,Gender=Masc|Number=Sing
605,il,DET,RD,il,Definite=Def|Gender=Masc|Number=Sing|PronType=Art
606,Museo,PROPN,SP,Museo,
607,Nazionale,PROPN,SP,Nazionale,
608,di,ADP,E,di,
609,il,DET,RD,il,Definite=Def|Gender=Masc|Number=Sing|PronType=Art
610,Molise,PROPN,SP,Molise,
611,in,ADP,E,in,
612,Castello,PROPN,SP,Castello,
613,Pandone,PROPN,SP,Pandone,
614,",",PUNCT,FF,",",
615,frutto,NOUN,S,frutto,Gender=Masc|Number=Sing
616,di,ADP,E,di,
617,il,DET,RD,il,Definite=Def|Gender=Masc|Number=Sing|PronType=Art
618,lavoro,NOUN,S,lavoro,Gender=Masc|Number=Sing
619,di,ADP,E,di,
620,le,DET,RD,il,Definite=Def|Gender=Fem|Number=Plur|PronType=Art
621,strutture,NOUN,S,struttura,Gender=Fem|Number=Plur
622,territoriali,ADJ,A,territoriale,Number=Plur
623,di,ADP,E,di,
624,il,DET,RD,il,Definite=Def|Gender=Masc|Number=Sing|PronType=Art
625,Ministero,NOUN,S,ministero,Gender=Masc|Number=Sing
626,per,ADP,E,per,
627,i,DET,RD,il,Definite=Def|Gender=Masc|Number=Plur|PronType=Art
628,beni,NOUN,S,bene,Gender=Masc|Number=Plur
629,e,CCONJ,CC,e,
630,le,DET,RD,il,Definite=Def|Gender=Fem|Number=Plur|PronType=Art
631,attività,NOUN,S,attività,Gender=Fem
632,culturali,ADJ,A,culturale,Number=Plur
633,.,PUNCT,FS,.,
634,L’,DET,RD,il,Definite=Def|Number=Sing|PronType=Art
635,obiettivo,NOUN,S,obiettivo,Gender=Masc|Number=Sing
636,è,AUX,V,essere,Mood=Ind|Number=Sing|Person=3|Tense=Pres|VerbForm=Fin
637,quello,PRON,PD,quello,Gender=Masc|Number=Sing|PronType=Dem
638,di,ADP,E,di,
639,mettere,VERB,V,mettere,VerbForm=Inf
640,in,ADP,E,in,
641,risalto,NOUN,S,risalto,Gender=Masc|Number=Sing
642,le,DET,RD,il,Definite=Def|Gender=Fem|Number=Plur|PronType=Art
643,qualità,NOUN,S,qualità,Gender=Fem
644,di,ADP,E,di,
645,le,DET,RD,il,Definite=Def|Gender=Fem|Number=Plur|PronType=Art
646,testimonianze,NOUN,S,testimonianza,Gender=Fem|Number=Plur
647,artistiche,ADJ,A,artistico,Gender=Fem|Number=Plur
648,molisane,ADJ,A,molisano,Gender=Fem|Number=Plur
649,muovendo,VERB,V,muovere,VerbForm=Ger
650,da,ADP,E,da,
651,la,DET,RD,il,Definite=Def|Gender=Fem|Number=Sing|PronType=Art
652,generale,ADJ,A,generale,Number=Sing
653,riconsiderazione,NOUN,S,riconsiderazione,Gender=Fem|Number=Sing
654,di,ADP,E,di,
655,il,DET,RD,il,Definite=Def|Gender=Masc|Number=Sing|PronType=Art
656,rapporto,NOUN,S,rapporto,Gender=Masc|Number=Sing
657,centro,ADJ,A,centro,Gender=Masc|Number=Sing
658,-,PUNCT,FF,-,
659,periferia,NOUN,S,periferia,Gender=Fem|Number=Sing
660,in,ADP,E,in,
661,una,DET,RI,uno,Definite=Ind|Gender=Fem|Number=Sing|PronType=Art
662,prospettiva,NOUN,S,prospettiva,Gender=Fem|Number=Sing
663,storica,ADJ,A,storico,Gender=Fem|Number=Sing
664,di,ADP,E,di,
665,complementarietà,NOUN,S,complementarietà,Gender=Fem
666,.,PUNCT,FS,.,
667,Opere,NOUN,S,opera,Gender=Fem|Number=Plur
668,di,ADP,E,di,
669,il,DET,RD,il,Definite=Def|Gender=Masc|Number=Sing|PronType=Art
670,territorio,NOUN,S,territorio,Gender=Masc|Number=Sing
671,regionale,ADJ,A,regionale,Number=Sing
672,",",PUNCT,FF,",",
673,tutelate,VERB,V,tutelare,Gender=Fem|Number=Plur|Tense=Past|VerbForm=Part
674,a,ADP,E,a,
675,l’,DET,RD,il,Definite=Def|Number=Sing|PronType=Art
676,interno,NOUN,S,interno,Gender=Masc|Number=Sing
677,di,ADP,E,di,
678,Castello,PROPN,SP,Castello,
679,Pandone,PROPN,SP,Pandone,
680,",",PUNCT,FF,",",
681,sono,AUX,VA,essere,Mood=Ind|Number=Plur|Person=3|Tense=Pres|VerbForm=Fin
682,state,AUX,VA,essere,Gender=Fem|Number=Plur|Tense=Past|VerbForm=Part
683,confrontate,VERB,V,confrontare,Gender=Fem|Number=Plur|Tense=Past|VerbForm=Part
684,con,ADP,E,con,
685,altre,PRON,PI,altro,Gender=Fem|Number=Plur|PronType=Ind
686,di,ADP,E,di,
687,proprietà,NOUN,S,proprietà,Gender=Fem
688,statale,ADJ,A,statale,Number=Sing
689,",",PUNCT,FF,",",
690,provenienti,VERB,V,provenire,Number=Plur|Tense=Pres|VerbForm=Part
691,da,ADP,E,da,
692,i,DET,RD,il,Definite=Def|Gender=Masc|Number=Plur|PronType=Art
693,depositi,NOUN,S,deposito,Gender=Masc|Number=Plur
694,di,ADP,E,di,
695,i,DET,RD,il,Definite=Def|Gender=Masc|Number=Plur|PronType=Art
696,Musei,NOUN,S,museo,Gender=Masc|Number=Plur
697,di,ADP,E,di,
698,Capodimonte,PROPN,SP,Capodimonte,
699,e,CCONJ,CC,e,
700,San,PROPN,SP,San,
701,Martino,PROPN,SP,Martino,
702,di,ADP,E,di,
703,Napoli,PROPN,SP,Napoli,
704,",",PUNCT,FF,",",
705,di,ADP,E,di,
706,la,DET,RD,il,Definite=Def|Gender=Fem|Number=Sing|PronType=Art
707,Galleria,NOUN,S,galleria,Gender=Fem|Number=Sing
708,Nazionale,ADJ,A,nazionale,Number=Sing
709,d’,ADP,E,di,
710,Arte,NOUN,S,arte,Gender=Fem|Number=Sing
711,Antica,ADJ,A,antico,Gender=Fem|Number=Sing
712,di,ADP,E,di,
713,Roma,PROPN,SP,Roma,
714,e,CCONJ,CC,e,
715,di,ADP,E,di,
716,il,DET,RD,il,Definite=Def|Gender=Masc|Number=Sing|PronType=Art
717,Palazzo,PROPN,SP,Palazzo,
718,Reale,PROPN,SP,Reale,
719,di,ADP,E,di,
720,Caserta,PROPN,SP,Caserta,
721,.,PUNCT,FS,.,
722,Il,DET,RD,il,Definite=Def|Gender=Masc|Number=Sing|PronType=Art
723,percorso,NOUN,S,percorso,Gender=Masc|Number=Sing
724,è,AUX,VA,essere,Mood=Ind|Number=Sing|Person=3|Tense=Pres|VerbForm=Fin
725,diviso,VERB,V,dividere,Gender=Masc|Number=Sing|Tense=Past|VerbForm=Part
726,in,ADP,E,in,
727,due,NUM,N,due,NumType=Card
728,sezioni,NOUN,S,sezione,Gender=Fem|Number=Plur
729,:,PUNCT,FC,:,
730,il,DET,RD,il,Definite=Def|Gender=Masc|Number=Sing|PronType=Art
731,castello,NOUN,S,castello,Gender=Masc|Number=Sing
732,",",PUNCT,FF,",",
733,“,PUNCT,FB,“,
734,museo,NOUN,S,museo,Gender=Masc|Number=Sing
735,di,ADP,E,di,
736,se,PRON,PC,se,Clitic=Yes|Person=3|PronType=Prs
737,stesso,ADJ,A,stesso,Gender=Masc|Number=Sing
738,”,PUNCT,FB,”,
739,",",PUNCT,FF,",",
740,con,ADP,E,con,
741,le,DET,RD,il,Definite=Def|Gender=Fem|Number=Plur|PronType=Art
742,sue,DET,AP,suo,Gender=Fem|Number=Plur|Poss=Yes|PronType=Prs
743,valenze,NOUN,S,valenza,Gender=Fem|Number=Plur
744,urbanistiche,ADJ,A,urbanistico,Gender=Fem|Number=Plur
745,",",PUNCT,FF,",",
746,architettoniche,ADJ,A,architettonico,Gender=Fem|Number=Plur
747,e,CCONJ,CC,e,
748,decorative,ADJ,A,decorativo,Gender=Fem|Number=Plur
749,",",PUNCT,FF,",",
750,e,CCONJ,CC,e,
751,l’,DET,RD,il,Definite=Def|Number=Sing|PronType=Art
752,esposizione,NOUN,S,esposizione,Gender=Fem|Number=Sing
753,a,ADP,E,a,
754,il,DET,RD,il,Definite=Def|Gender=Masc|Number=Sing|PronType=Art
755,secondo,ADJ,NO,secondo,Gender=Masc|NumType=Ord|Number=Sing
756,piano,NOUN,S,piano,Gender=Masc|Number=Sing
757,di,ADP,E,di,
758,affreschi,NOUN,S,affresco,Gender=Masc|Number=Plur
759,",",PUNCT,FF,",",
760,sculture,NOUN,S,scultura,Gender=Fem|Number=Plur
761,",",PUNCT,FF,",",
762,tele,NOUN,S,tela,Gender=Fem|Number=Plur
763,",",PUNCT,FF,",",
764,disegni,NOUN,S,disegno,Gender=Masc|Number=Plur
765,e,CCONJ,CC,e,
766,stampe,NOUN,S,stampa,Gender=Fem|Number=Plur
767,",",PUNCT,FF,",",
768,in,ADP,E,in,
769,un,DET,RI,uno,Definite=Ind|Gender=Masc|Number=Sing|PronType=Art
770,itinerario,NOUN,S,itinerario,Gender=Masc|Number=Sing
771,che,PRON,PR,che,PronType=Rel
772,documenta,VERB,V,documentare,Mood=Ind|Number=Sing|Person=3|Tense=Pres|VerbForm=Fin
773,la,DET,RD,il,Definite=Def|Gender=Fem|Number=Sing|PronType=Art
774,cronologia,NOUN,S,cronologia,Gender=Fem|Number=Sing
775,–,PUNCT,FB,–,
776,da,ADP,E,da,
777,il,DET,RD,il,Definite=Def|Gender=Masc|Number=Sing|PronType=Art
778,Medioevo,NOUN,S,medioevo,Gender=Masc|Number=Sing
779,a,ADP,E,a,
780,il,DET,RD,il,Definite=Def|Gender=Masc|Number=Sing|PronType=Art
781,Barocco,PROPN,SP,Barocco,
782,–,PUNCT,FB,–,
783,e,CCONJ,CC,e,
784,i,DET,RD,il,Definite=Def|Gender=Masc|Number=Plur|PronType=Art
785,diversi,DET,DI,diverso,Gender=Masc|Number=Plur|PronType=Ind
786,orientamenti,NOUN,S,orientamento,Gender=Masc|Number=Plur
787,culturali,ADJ,A,culturale,Number=Plur
788,di,ADP,E,di,
789,committenti,NOUN,S,committente,Number=Plur
790,e,CCONJ,CC,e,
791,artisti,NOUN,S,artista,Gender=Masc|Number=Plur
792,in,ADP,E,in,
793,Molise,PROPN,SP,Molise,
794,.,PUNCT,FS,.,
795,MUSEI,NOUN,S,MuSEI,Gender=Masc|Number=Plur
796,Le,DET,RD,il,Definite=Def|Gender=Fem|Number=Plur|PronType=Art
797,posizioni,NOUN,S,posizione,Gender=Fem|Number=Plur
798,strategiche,ADJ,A,strategico,Gender=Fem|Number=Plur
799,di,ADP,E,di,
800,castelli,NOUN,S,castello,Gender=Masc|Number=Plur
801,",",PUNCT,FF,",",
802,musei,NOUN,S,museo,Gender=Masc|Number=Plur
803,",",PUNCT,FF,",",
804,chiese,NOUN,S,chiedere,Gender=Fem|Number=Plur
805,e,CCONJ,CC,e,
806,abbazie,NOUN,S,abbazia,Gender=Fem|Number=Plur
807,",",PUNCT,FF,",",
808,compongono,VERB,V,comporre,Mood=Ind|Number=Plur|Person=3|Tense=Pres|VerbForm=Fin
809,una,DET,RI,uno,Definite=Ind|Gender=Fem|Number=Sing|PronType=Art
810,rete,NOUN,S,rete,Gender=Fem|Number=Sing
811,di,ADP,E,di,
812,relazioni,NOUN,S,relazione,Gender=Fem|Number=Plur
813,storiche,ADJ,A,storico,Gender=Fem|Number=Plur
814,che,PRON,PR,che,PronType=Rel
815,interessa,VERB,V,interessare,Mood=Ind|Number=Sing|Person=3|Tense=Pres|VerbForm=Fin
816,l’,DET,RD,il,Definite=Def|Number=Sing|PronType=Art
817,intera,ADJ,A,intero,Gender=Fem|Number=Sing
818,regione,NOUN,S,regione,Gender=Fem|Number=Sing
819,e,CCONJ,CC,e,
820,offre,VERB,V,offrire,Mood=Ind|Number=Sing|Person=3|Tense=Pres|VerbForm=Fin
821,oggi,ADV,B,oggi,
822,numerose,DET,DI,numeroso,Gender=Fem|Number=Plur|PronType=Ind
823,opportunità,NOUN,S,opportunità,Gender=Fem
824,di,ADP,E,di,
825,conoscenza,NOUN,S,conoscenza,Gender=Fem|Number=Sing
826,a,ADP,E,a,
827,i,DET,RD,il,Definite=Def|Gender=Masc|Number=Plur|PronType=Art
828,cittadini,NOUN,S,cittadino,Gender=Masc|Number=Plur
829,e,CCONJ,CC,e,
830,a,ADP,E,a,
831,i,DET,RD,il,Definite=Def|Gender=Masc|Number=Plur|PronType=Art
832,visitatori,NOUN,S,visitatore,Gender=Masc|Number=Plur
833,di,ADP,E,di,
834,il,DET,RD,il,Definite=Def|Gender=Masc|Number=Sing|PronType=Art
835,Molise,PROPN,SP,Molise,
836,.,PUNCT,FS,.,
837,Si,PRON,PC,si,Clitic=Yes|Person=3|PronType=Prs
838,propongono,VERB,V,proporre,Mood=Ind|Number=Plur|Person=3|Tense=Pres|VerbForm=Fin
839,méte,NOUN,S,méta,Gender=Masc|Number=Plur
840,e,CCONJ,CC,e,
841,itinerari,NOUN,S,itinerario,Gender=Masc|Number=Plur
842,a,ADP,E,a,
843,partire,VERB,V,partire,VerbForm=Inf
844,da,ADP,E,da,
845,i,DET,RD,il,Definite=Def|Gender=Masc|Number=Plur|PronType=Art
846,luoghi,NOUN,S,luogo,Gender=Masc|Number=Plur
847,di,ADP,E,di,
848,la,DET,RD,il,Definite=Def|Gender=Fem|Number=Sing|PronType=Art
849,cultura,NOUN,S,cultura,Gender=Fem|Number=Sing
850,di,ADP,E,di,
851,proprietà,NOUN,S,proprietà,Gender=Fem
852,statale,ADJ,A,statale,Number=Sing
853,.,PUNCT,FS,.,
