,text,upos,xpos,lemma,feats
0,Chieti,PROPN,SP,Chieti,
1,",",PUNCT,FF,",",
2,Museo,PROPN,SP,Museo,
3,ArcheologiCo,PROPN,SP,ArcheologiCo,
4,Nazionale,PROPN,SP,Nazionale,
5,Villa,PROPN,SP,Villa,
6,Frigerj,PROPN,SP,Frigerj,
7,DA,ADP,E,da,
8,DIMORA,NOUN,S,dimora,Gender=Fem|Number=Sing
9,STORICA,PROPN,SP,Storica,
10,A,ADP,E,a,
11,MUSEO,PROPN,SP,MUSEO,
12,ARCHEOLOGICO,PROPN,SP,Archeologico,
13,NAZIONALE,PROPN,SP,Nazionale,
14,Il,DET,RD,il,Definite=Def|Gender=Masc|Number=Sing|PronType=Art
15,Museo,NOUN,S,museo,Gender=Masc|Number=Sing
16,Archeologico,ADJ,A,archeologico,Gender=Masc|Number=Sing
17,ha,VERB,V,avere,Mood=Ind|Number=Sing|Person=3|Tense=Pres|VerbForm=Fin
18,sede,NOUN,S,sede,Gender=Fem|Number=Sing
19,a,ADP,E,a,
20,l’,DET,RD,il,Definite=Def|Number=Sing|PronType=Art
21,interno,NOUN,S,interno,Gender=Masc|Number=Sing
22,di,ADP,E,di,
23,un,DET,RI,uno,Definite=Ind|Gender=Masc|Number=Sing|PronType=Art
24,raffinato,ADJ,A,raffinato,Gender=Masc|Number=Sing
25,edificio,NOUN,S,edificio,Gender=Masc|Number=Sing
26,fatto,VERB,V,fare,Gender=Masc|Number=Sing|Tense=Past|VerbForm=Part
27,erigere,VERB,V,erigere,VerbForm=Inf
28,in,ADP,E,in,
29,stile,NOUN,S,stile,Gender=Masc|Number=Sing
30,neoclassico,ADJ,A,neoclassico,Gender=Masc|Number=Sing
31,da,ADP,E,da,
32,il,DET,RD,il,Definite=Def|Gender=Masc|Number=Sing|PronType=Art
33,Barone,PROPN,SP,Barone,
34,Ferrante,PROPN,SP,Ferrante,
35,Frigerj,PROPN,SP,Frigerj,
36,",",PUNCT,FF,",",
37,uomo,NOUN,S,uomo,Gender=Masc|Number=Sing
38,di,ADP,E,di,
39,profonda,ADJ,A,profondo,Gender=Fem|Number=Sing
40,cultura,NOUN,S,cultura,Gender=Fem|Number=Sing
41,e,CCONJ,CC,e,
42,collezionista,NOUN,S,collezionista,Number=Sing
43,d’,ADP,E,di,
44,arte,NOUN,S,arte,Gender=Fem|Number=Sing
45,.,PUNCT,FS,.,
46,In,ADP,E,in,
47,il,DET,RD,il,Definite=Def|Gender=Masc|Number=Sing|PronType=Art
48,1830,NUM,N,1830,NumType=Card
49,questa,DET,DD,questo,Gender=Fem|Number=Sing|PronType=Dem
50,dimora,NOUN,S,dimora,Gender=Fem|Number=Sing
51,storica,ADJ,A,storico,Gender=Fem|Number=Sing
52,-,PUNCT,FB,-,
53,oggi,ADV,B,oggi,
54,a,ADP,E,a,
55,il,DET,RD,il,Definite=Def|Gender=Masc|Number=Sing|PronType=Art
56,centro,NOUN,S,centro,Gender=Masc|Number=Sing
57,di,ADP,E,di,
58,la,DET,RD,il,Definite=Def|Gender=Fem|Number=Sing|PronType=Art
59,magnifica,ADJ,A,magnifico,Gender=Fem|Number=Sing
60,Villa,PROPN,SP,Villa,
61,Comunale,ADJ,A,comunale,Number=Sing
62,-,PUNCT,FB,-,
63,dominava,VERB,V,dominare,Mood=Ind|Number=Sing|Person=3|Tense=Imp|VerbForm=Fin
64,un’,DET,RI,uno,Definite=Ind|Gender=Fem|Number=Sing|PronType=Art
65,area,NOUN,S,area,Gender=Fem|Number=Sing
66,a,ADP,E,a,
67,i,DET,RD,il,Definite=Def|Gender=Masc|Number=Plur|PronType=Art
68,margini,NOUN,S,margine,Gender=Masc|Number=Plur
69,di,ADP,E,di,
70,la,DET,RD,il,Definite=Def|Gender=Fem|Number=Sing|PronType=Art
71,citta,NOUN,S,citta,Gender=Fem|Number=Sing
72,̀,PROPN,SP,̀,
73,",",PUNCT,FF,",",
74,edificata,VERB,V,edificare,Gender=Fem|Number=Sing|Tense=Past|VerbForm=Part
75,su,ADP,E,su,
76,un’,DET,RI,uno,Definite=Ind|Gender=Fem|Number=Sing|PronType=Art
77,altura,NOUN,S,altura,Gender=Fem|Number=Sing
78,a,ADP,E,a,
79,la,DET,RD,il,Definite=Def|Gender=Fem|Number=Sing|PronType=Art
80,fine,NOUN,S,fine,Gender=Fem|Number=Sing
81,di,ADP,E,di,
82,l’,DET,RD,il,Definite=Def|Number=Sing|PronType=Art
83,ampio,ADJ,A,ampio,Gender=Masc|Number=Sing
84,viale,NOUN,S,viale,Gender=Masc|Number=Sing
85,alberato,ADJ,A,alberato,Gender=Masc|Number=Sing
86,realizzato,VERB,V,realizzare,Gender=Masc|Number=Sing|Tense=Past|VerbForm=Part
87,per,ADP,E,per,
88,il,DET,RD,il,Definite=Def|Gender=Masc|Number=Sing|PronType=Art
89,passeggio,NOUN,S,passeggio,Gender=Masc|Number=Sing
90,di,ADP,E,di,
91,le,DET,RD,il,Definite=Def|Gender=Fem|Number=Plur|PronType=Art
92,raffinate,ADJ,A,raffinato,Gender=Fem|Number=Plur
93,carrozze,NOUN,S,carrozza,Gender=Fem|Number=Plur
94,di,ADP,E,di,
95,gli,DET,RD,il,Definite=Def|Gender=Masc|Number=Plur|PronType=Art
96,aristocratici,NOUN,S,aristocratico,Gender=Masc|Number=Plur
97,locali,ADJ,A,locale,Number=Plur
98,.,PUNCT,FS,.,
99,Ispirando,VERB,V,ispirare,VerbForm=Ger
100,si,PRON,PC,si,Clitic=Yes|Person=3|PronType=Prs
101,a,ADP,E,a,
102,la,DET,RD,il,Definite=Def|Gender=Fem|Number=Sing|PronType=Art
103,Villa,PROPN,SP,Villa,
104,Floridiana,PROPN,SP,Floridiana,
105,di,ADP,E,di,
106,Napoli,PROPN,SP,Napoli,
107,",",PUNCT,FF,",",
108,l’,DET,RD,il,Definite=Def|Number=Sing|PronType=Art
109,architetto,NOUN,S,architetto,Gender=Masc|Number=Sing
110,Enrico,PROPN,SP,Enrico,
111,Riccio,PROPN,SP,Riccio,
112,progetto,NOUN,S,progetto,Gender=Masc|Number=Sing
113,̀,VERB,V,essere,Mood=Ind|Number=Sing|Person=3|Tense=Past|VerbForm=Fin
114,un,DET,RI,uno,Definite=Ind|Gender=Masc|Number=Sing|PronType=Art
115,edificio,NOUN,S,edificio,Gender=Masc|Number=Sing
116,a,ADP,E,a,
117,pianta,NOUN,S,pianta,Gender=Fem|Number=Sing
118,quadrata,VERB,V,quadrare,Gender=Fem|Number=Sing|Tense=Past|VerbForm=Part
119,su,ADP,E,su,
120,tre,NUM,N,tre,NumType=Card
121,piani,NOUN,S,piano,Gender=Masc|Number=Plur
122,ornato,VERB,V,ornato,Gender=Masc|Number=Sing|Tense=Past|VerbForm=Part
123,da,ADP,E,da,
124,elementi,NOUN,S,elemento,Gender=Masc|Number=Plur
125,di,ADP,E,di,
126,gusto,NOUN,S,gusto,Gender=Masc|Number=Sing
127,classico,ADJ,A,classico,Gender=Masc|Number=Sing
128,.,PUNCT,FS,.,
129,Di,ADP,E,di,
130,particolare,ADJ,A,particolare,Number=Sing
131,risalto,NOUN,S,risalto,Gender=Masc|Number=Sing
132,è,ADP,E,e,
133,la,DET,RD,il,Definite=Def|Gender=Fem|Number=Sing|PronType=Art
134,facciata,NOUN,S,facciata,Gender=Fem|Number=Sing
135,principale,ADJ,A,principale,Number=Sing
136,che,PRON,PR,che,PronType=Rel
137,culmina,VERB,V,culminare,Mood=Ind|Number=Sing|Person=3|Tense=Pres|VerbForm=Fin
138,con,ADP,E,con,
139,un,DET,RI,uno,Definite=Ind|Gender=Masc|Number=Sing|PronType=Art
140,timpano,NOUN,S,timpano,Gender=Masc|Number=Sing
141,tra,ADP,E,tra,
142,paraste,NOUN,S,parasta,Gender=Fem|Number=Plur
143,ioniche,ADJ,A,ionico,Gender=Fem|Number=Plur
144,ed,CCONJ,CC,e,
145,è,ADJ,A,eu,Gender=Fem|Number=Plur
146,ornata,VERB,V,ornatare,Gender=Fem|Number=Sing|Tense=Past|VerbForm=Part
147,da,ADP,E,da,
148,ampi,ADJ,A,ampio,Gender=Masc|Number=Plur
149,balconi,NOUN,S,balcone,Gender=Masc|Number=Plur
150,con,ADP,E,con,
151,ringhiere,NOUN,S,ringhiere,Gender=Fem|Number=Plur
152,in,ADP,E,in,
153,ferro,NOUN,S,ferro,Gender=Masc|Number=Sing
154,battuto,ADJ,A,battuto,Gender=Masc|Number=Sing
155,.,PUNCT,FS,.,
156,I,DET,RD,il,Definite=Def|Gender=Masc|Number=Plur|PronType=Art
157,lavori,NOUN,S,lavoro,Gender=Masc|Number=Plur
158,di,ADP,E,di,
159,costruzione,NOUN,S,costruzione,Gender=Fem|Number=Sing
160,proseguirono,VERB,V,proseguire,Mood=Ind|Number=Plur|Person=3|Tense=Past|VerbForm=Fin
161,lentamente,ADV,B,lentamente,
162,sicche,NOUN,S,sicco,Gender=Fem|Number=Plur
163,́,PUNCT,FF,́,
164,a,ADP,E,a,
165,la,DET,RD,il,Definite=Def|Gender=Fem|Number=Sing|PronType=Art
166,morte,NOUN,S,morte,Gender=Fem|Number=Sing
167,di,ADP,E,di,
168,il,DET,RD,il,Definite=Def|Gender=Masc|Number=Sing|PronType=Art
169,barone,NOUN,S,barona,Gender=Masc|Number=Sing
170,Frigerj,PROPN,SP,Frigerj,
171,in,ADP,E,in,
172,il,DET,RD,il,Definite=Def|Gender=Masc|Number=Sing|PronType=Art
173,1861,NUM,N,1861,NumType=Card
174,la,DET,RD,il,Definite=Def|Gender=Fem|Number=Sing|PronType=Art
175,villa,NOUN,S,villa,Gender=Fem|Number=Sing
176,risultava,VERB,V,risultare,Mood=Ind|Number=Sing|Person=3|Tense=Imp|VerbForm=Fin
177,priva,ADJ,A,privo,Gender=Fem|Number=Sing
178,di,ADP,E,di,
179,una,DET,RI,uno,Definite=Ind|Gender=Fem|Number=Sing|PronType=Art
180,parte,NOUN,S,parte,Gender=Fem|Number=Sing
181,di,ADP,E,di,
182,il,DET,RD,il,Definite=Def|Gender=Masc|Number=Sing|PronType=Art
183,tetto,NOUN,S,tetto,Gender=Masc|Number=Sing
184,e,CCONJ,CC,e,
185,di,ADP,E,di,
186,le,DET,RD,il,Definite=Def|Gender=Fem|Number=Plur|PronType=Art
187,decorazioni,NOUN,S,decorazione,Gender=Fem|Number=Plur
188,interne,ADJ,A,interno,Gender=Fem|Number=Plur
189,.,PUNCT,FS,.,
190,Impossibilitati,VERB,V,impossibilitare,Gender=Masc|Number=Plur|Tense=Past|VerbForm=Part
191,a,ADP,E,a,
192,completar,VERB,V,completare,VerbForm=Inf
193,la,PRON,PC,la,Clitic=Yes|Gender=Fem|Number=Sing|Person=3|PronType=Prs
194,per,ADP,E,per,
195,mancanza,NOUN,S,mancanza,Gender=Fem|Number=Sing
196,di,ADP,E,di,
197,risorse,NOUN,S,risorsa,Gender=Fem|Number=Plur
198,",",PUNCT,FF,",",
199,gli,DET,RD,il,Definite=Def|Gender=Masc|Number=Plur|PronType=Art
200,eredi,NOUN,S,erede,Number=Plur
201,diedero,VERB,V,dire,Mood=Ind|Number=Plur|Person=3|Tense=Past|VerbForm=Fin
202,corso,NOUN,S,corso,Gender=Masc|Number=Sing
203,a,ADP,E,a,
204,un’,DET,RI,uno,Definite=Ind|Gender=Fem|Number=Sing|PronType=Art
205,asta,NOUN,S,asta,Gender=Fem|Number=Sing
206,pubblica,ADJ,A,pubblico,Gender=Fem|Number=Sing
207,.,PUNCT,FS,.,
208,Fu,AUX,VA,essere,Mood=Ind|Number=Sing|Person=3|Tense=Past|VerbForm=Fin
209,cosi,ADV,B,cosi,
210,̀,ADV,B,̀,
211,venduta,VERB,V,vendere,Gender=Fem|Number=Sing|Tense=Past|VerbForm=Part
212,",",PUNCT,FF,",",
213,per,ADP,E,per,
214,10.000,NUM,N,10.000,NumType=Card
215,ducati,NOUN,S,ducato,Gender=Masc|Number=Plur
216,",",PUNCT,FF,",",
217,a,ADP,E,a,
218,il,DET,RD,il,Definite=Def|Gender=Masc|Number=Sing|PronType=Art
219,Comune,NOUN,S,comune,Gender=Masc|Number=Sing
220,di,ADP,E,di,
221,Chieti,PROPN,SP,Chieti,
222,che,PRON,PR,che,PronType=Rel
223,vi,PRON,PC,vi,Clitic=Yes|Person=2|PronType=Prs
224,insedio,VERB,V,insediare,Mood=Ind|Number=Sing|Person=3|Tense=Pres|VerbForm=Fin
225,̀,VERB,V,essere,Number=Sing|Tense=Past|VerbForm=Fin
226,dapprima,ADP,E,dapprima,
227,la,DET,RD,il,Definite=Def|Gender=Fem|Number=Sing|PronType=Art
228,Scuola,NOUN,S,scuola,Gender=Fem|Number=Sing
229,Agraria,PROPN,SP,Agraria,
230,",",PUNCT,FF,",",
231,poi,ADV,B,poi,
232,l’,DET,RD,il,Definite=Def|Number=Sing|PronType=Art
233,Istituto,NOUN,S,istituto,Gender=Masc|Number=Sing
234,Tecnico,PROPN,SP,tecnico,
235,Galiani,PROPN,SP,Galiani,
236,",",PUNCT,FF,",",
237,acquistando,VERB,V,acquistare,VerbForm=Ger
238,anche,ADV,B,anche,
239,i,DET,RD,il,Definite=Def|Gender=Masc|Number=Plur|PronType=Art
240,giardini,NOUN,S,giardino,Gender=Masc|Number=Plur
241,circostanti,ADJ,A,circostante,Number=Plur
242,.,PUNCT,FS,.,
243,Arricchito,VERB,V,arricchire,Gender=Masc|Number=Sing|Tense=Past|VerbForm=Part
244,in,ADP,E,in,
245,il,DET,RD,il,Definite=Def|Gender=Masc|Number=Sing|PronType=Art
246,corso,NOUN,S,corso,Gender=Masc|Number=Sing
247,di,ADP,E,di,
248,il,DET,RD,il,Definite=Def|Gender=Masc|Number=Sing|PronType=Art
249,tempo,NOUN,S,tempo,Gender=Masc|Number=Sing
250,da,ADP,E,da,
251,splendide,ADJ,A,splendido,Gender=Fem|Number=Plur
252,decorazioni,NOUN,S,decorazione,Gender=Fem|Number=Plur
253,e,CCONJ,CC,e,
254,da,ADP,E,da,
255,suggestive,ADJ,A,suggestivo,Gender=Fem|Number=Plur
256,fontane,NOUN,S,fontana,Gender=Fem|Number=Plur
257,",",PUNCT,FF,",",
258,questo,DET,DD,questo,Gender=Masc|Number=Sing|PronType=Dem
259,verde,NOUN,S,verde,Gender=Masc|Number=Sing
260,pubblico,ADJ,A,pubblico,Gender=Masc|Number=Sing
261,assai,ADV,B,assai,
262,rigoglioso,ADJ,A,rigoglioso,Gender=Masc|Number=Sing
263,conserva,VERB,V,conservare,Mood=Ind|Number=Sing|Person=3|Tense=Pres|VerbForm=Fin
264,l’,DET,RD,il,Definite=Def|Number=Sing|PronType=Art
265,immutato,ADJ,A,immutato,Gender=Masc|Number=Sing
266,fascino,NOUN,S,fascino,Gender=Masc|Number=Sing
267,di,ADP,E,di,
268,la,DET,RD,il,Definite=Def|Gender=Fem|Number=Sing|PronType=Art
269,Villa,PROPN,SP,Villa,
270,Comunale,ADJ,A,comunale,Number=Sing
271,aperta,ADJ,A,aperto,Gender=Fem|Number=Sing
272,già,PROPN,SP,già,
273,in,ADP,E,in,
274,il,DET,RD,il,Definite=Def|Gender=Masc|Number=Sing|PronType=Art
275,1868,NUM,N,1868,NumType=Card
276,.,PUNCT,FS,.,
277,Durante,ADP,E,durante,
278,la,DET,RD,il,Definite=Def|Gender=Fem|Number=Sing|PronType=Art
279,Seconda,ADJ,NO,secondo,Gender=Fem|NumType=Ord|Number=Sing
280,Guerra,NOUN,S,guerra,Gender=Fem|Number=Sing
281,Mondiale,ADJ,A,mondiale,Number=Sing
282,l’,DET,RD,il,Definite=Def|Number=Sing|PronType=Art
283,edificio,NOUN,S,edificio,Gender=Masc|Number=Sing
284,ospito,VERB,V,ospitare,Mood=Ind|Number=Sing|Person=1|Tense=Pres|VerbForm=Fin
285,̀,ADP,E,̀,
286,il,DET,RD,il,Definite=Def|Gender=Masc|Number=Sing|PronType=Art
287,comando,NOUN,S,comando,Gender=Masc|Number=Sing
288,tedesco,ADJ,A,tedesco,Gender=Masc|Number=Sing
289,in,ADP,E,in,
290,citta,NOUN,S,citta,Gender=Fem|Number=Sing
291,̀,ADJ,A,̀,Number=Sing
292,;,PUNCT,FC,;,
293,in,ADP,E,in,
294,il,DET,RD,il,Definite=Def|Gender=Masc|Number=Sing|PronType=Art
295,dopoguerra,NOUN,S,dopoguerra,Gender=Masc
296,",",PUNCT,FF,",",
297,costruito,VERB,V,costruire,Gender=Masc|Number=Sing|Tense=Past|VerbForm=Part
298,il,DET,RD,il,Definite=Def|Gender=Masc|Number=Sing|PronType=Art
299,nuovo,ADJ,A,nuovo,Gender=Masc|Number=Sing
300,istituto,NOUN,S,istituto,Gender=Masc|Number=Sing
301,tecnico,ADJ,A,tecnico,Gender=Masc|Number=Sing
302,",",PUNCT,FF,",",
303,fu,AUX,VA,essere,Mood=Ind|Number=Sing|Person=3|Tense=Past|VerbForm=Fin
304,ceduto,VERB,V,cedere,Gender=Masc|Number=Sing|Tense=Past|VerbForm=Part
305,a,ADP,E,a,
306,lo,DET,RD,il,Definite=Def|Gender=Masc|Number=Sing|PronType=Art
307,Stato,NOUN,S,stato,Gender=Masc|Number=Sing
308,Italiano,ADJ,A,italiano,Gender=Masc|Number=Sing
309,e,CCONJ,CC,e,
310,sottoposto,VERB,V,sottoporre,Gender=Masc|Number=Sing|Tense=Past|VerbForm=Part
311,a,ADP,E,a,
312,i,DET,RD,il,Definite=Def|Gender=Masc|Number=Plur|PronType=Art
313,primi,ADJ,NO,primo,Gender=Masc|NumType=Ord|Number=Plur
314,interventi,NOUN,S,intervento,Gender=Masc|Number=Plur
315,di,ADP,E,di,
316,ristrutturazione,NOUN,S,ristrutturazione,Gender=Fem|Number=Sing
317,.,PUNCT,FS,.,
318,In,ADP,E,in,
319,il,DET,RD,il,Definite=Def|Gender=Masc|Number=Sing|PronType=Art
320,1959,NUM,N,1959,NumType=Card
321,",",PUNCT,FF,",",
322,grazie,NOUN,S,grazie,
323,a,ADP,E,a,
324,l’,DET,RD,il,Definite=Def|Number=Sing|PronType=Art
325,attivita,NOUN,S,attivita,Gender=Fem|Number=Sing
326,̀,ADJ,A,̀,Gender=Fem|Number=Sing
327,illuminata,VERB,V,illuminare,Gender=Fem|Number=Sing|Tense=Past|VerbForm=Part
328,di,ADP,E,di,
329,l’,DET,RD,il,Definite=Def|Number=Sing|PronType=Art
330,allora,ADV,B,allora,
331,Soprintendente,NOUN,S,soprintendente,Gender=Masc|Number=Sing
332,Valerio,PROPN,SP,Valerio,
333,Cianfarani,PROPN,SP,Cianfarani,
334,",",PUNCT,FF,",",
335,veniva,AUX,VA,venire,Mood=Ind|Number=Sing|Person=3|Tense=Imp|VerbForm=Fin
336,inaugurato,VERB,V,inaugurare,Gender=Masc|Number=Sing|Tense=Past|VerbForm=Part
337,",",PUNCT,FF,",",
338,a,ADP,E,a,
339,la,DET,RD,il,Definite=Def|Gender=Fem|Number=Sing|PronType=Art
340,presenza,NOUN,S,presenza,Gender=Fem|Number=Sing
341,di,ADP,E,di,
342,il,DET,RD,il,Definite=Def|Gender=Masc|Number=Sing|PronType=Art
343,Presidente,NOUN,S,presidente,Gender=Masc|Number=Sing
344,di,ADP,E,di,
345,la,DET,RD,il,Definite=Def|Gender=Fem|Number=Sing|PronType=Art
346,Repubblica,NOUN,S,repubblica,Gender=Fem|Number=Sing
347,",",PUNCT,FF,",",
348,il,DET,RD,il,Definite=Def|Gender=Masc|Number=Sing|PronType=Art
349,primo,ADJ,NO,primo,Gender=Masc|NumType=Ord|Number=Sing
350,museo,NOUN,S,museo,Gender=Masc|Number=Sing
351,archeologico,ADJ,A,archeologico,Gender=Masc|Number=Sing
352,statale,ADJ,A,statale,Number=Sing
353,d’,ADP,E,di,
354,Abruzzo,PROPN,SP,Abruzzo,
355,.,PUNCT,FS,.,
356,In,ADP,E,in,
357,gli,DET,RD,il,Definite=Def|Gender=Masc|Number=Plur|PronType=Art
358,anni,NOUN,S,anno,Gender=Masc|Number=Plur
359,l’,DET,RD,il,Definite=Def|Number=Sing|PronType=Art
360,esposizione,NOUN,S,esposizione,Gender=Fem|Number=Sing
361,permanente,ADJ,A,permanente,Number=Sing
362,è,AUX,VA,essere,Mood=Ind|Number=Sing|Person=3|Tense=Pres|VerbForm=Fin
363,stata,AUX,VA,essere,Gender=Fem|Number=Sing|Tense=Past|VerbForm=Part
364,rinnovata,VERB,V,rinnovare,Gender=Fem|Number=Sing|Tense=Past|VerbForm=Part
365,e,CCONJ,CC,e,
366,arricchita,VERB,V,arricchitare,Gender=Fem|Number=Sing|Tense=Past|VerbForm=Part
367,da,ADP,E,da,
368,nuove,ADJ,A,nuovo,Gender=Fem|Number=Plur
369,acquisizioni,NOUN,S,acquisizione,Gender=Fem|Number=Plur
370,provenienti,VERB,V,provenire,Number=Plur|Tense=Pres|VerbForm=Part
371,da,ADP,E,da,
372,gli,DET,RD,il,Definite=Def|Gender=Masc|Number=Plur|PronType=Art
373,scavi,NOUN,S,scavo,Gender=Masc|Number=Plur
374,in,ADP,E,in,
375,tutto,DET,T,tutto,Gender=Masc|Number=Sing|PronType=Tot
376,il,DET,RD,il,Definite=Def|Gender=Masc|Number=Sing|PronType=Art
377,territorio,NOUN,S,territorio,Gender=Masc|Number=Sing
378,regionale,ADJ,A,regionale,Number=Sing
379,.,PUNCT,FS,.,
380,L’,DET,RD,il,Definite=Def|Number=Sing|PronType=Art
381,aspetto,NOUN,S,aspetto,Gender=Masc|Number=Sing
382,attuale,ADJ,A,attuale,Number=Sing
383,si,PRON,PC,si,Clitic=Yes|Person=3|PronType=Prs
384,deve,AUX,VM,dovere,Mood=Ind|Number=Sing|Person=3|Tense=Pres|VerbForm=Fin
385,a,ADP,E,a,
386,opere,NOUN,S,opera,Gender=Fem|Number=Plur
387,di,ADP,E,di,
388,consolidamento,NOUN,S,consolidamento,Gender=Masc|Number=Sing
389,e,CCONJ,CC,e,
390,di,ADP,E,di,
391,restauro,NOUN,S,restauro,Gender=Masc|Number=Sing
392,",",PUNCT,FF,",",
393,che,PRON,PR,che,PronType=Rel
394,ne,PRON,PC,ne,Clitic=Yes|PronType=Prs
395,hanno,AUX,VA,avere,Mood=Ind|Number=Plur|Person=3|Tense=Pres|VerbForm=Fin
396,fatto,VERB,V,fare,Gender=Masc|Number=Sing|Tense=Past|VerbForm=Part
397,un,DET,RI,uno,Definite=Ind|Gender=Masc|Number=Sing|PronType=Art
398,caso,NOUN,S,caso,Gender=Masc|Number=Sing
399,esemplare,ADJ,A,esemplare,Number=Sing
400,di,ADP,E,di,
401,intervento,NOUN,S,intervento,Gender=Masc|Number=Sing
402,architettonico,ADJ,A,architettonico,Gender=Masc|Number=Sing
403,su,ADP,E,su,
404,un,DET,RI,uno,Definite=Ind|Gender=Masc|Number=Sing|PronType=Art
405,edificio,NOUN,S,edificio,Gender=Masc|Number=Sing
406,antico,ADJ,A,antico,Gender=Masc|Number=Sing
407,",",PUNCT,FF,",",
408,che,PRON,PR,che,PronType=Rel
409,pero,ADV,B,pero,
410,̀,NOUN,S,̀,Gender=Masc|Number=Sing
411,non,ADV,BN,non,PronType=Neg
412,rinuncia,VERB,V,rinunciare,Mood=Ind|Number=Sing|Person=3|Tense=Pres|VerbForm=Fin
413,a,ADP,E,a,
414,tracciare,VERB,V,tracciare,VerbForm=Inf
415,un,DET,RI,uno,Definite=Ind|Gender=Masc|Number=Sing|PronType=Art
416,ponte,NOUN,S,ponte,Gender=Masc|Number=Sing
417,verso,ADP,E,verso,
418,la,DET,RD,il,Definite=Def|Gender=Fem|Number=Sing|PronType=Art
419,contemporaneita,NOUN,S,contemporaneita,Gender=Fem|Number=Sing
420,̀,NOUN,S,̀,Gender=Fem|Number=Sing
421,mediante,ADP,E,mediante,
422,l’,DET,RD,il,Definite=Def|Number=Sing|PronType=Art
423,allestimento,NOUN,S,allestimento,Gender=Masc|Number=Sing
424,di,ADP,E,di,
425,la,DET,RD,il,Definite=Def|Gender=Fem|Number=Sing|PronType=Art
426,nuova,ADJ,A,nuovo,Gender=Fem|Number=Sing
427,sala,NOUN,S,sala,Gender=Fem|Number=Sing
428,permanente,ADJ,A,permanente,Number=Sing
429,di,ADP,E,di,
430,il,DET,RD,il,Definite=Def|Gender=Masc|Number=Sing|PronType=Art
431,Guerriero,NOUN,S,guerriero,Gender=Masc|Number=Sing
432,di,ADP,E,di,
433,Capestrano,PROPN,SP,Capestrano,
434,che,PRON,PR,che,PronType=Rel
435,è,AUX,VA,essere,Mood=Ind|Number=Sing|Person=3|Tense=Pres|VerbForm=Fin
436,stata,AUX,VA,essere,Gender=Fem|Number=Sing|Tense=Past|VerbForm=Part
437,realizzata,VERB,V,realizzare,Gender=Fem|Number=Sing|Tense=Past|VerbForm=Part
438,in,ADP,E,in,
439,il,DET,RD,il,Definite=Def|Gender=Masc|Number=Sing|PronType=Art
440,2011,NUM,N,2011,NumType=Card
441,da,ADP,E,da,
442,Mimmo,PROPN,SP,Mimmo,
443,Paladino,PROPN,SP,Paladino,
444,",",PUNCT,FF,",",
445,artista,NOUN,S,artista,Number=Sing
446,di,ADP,E,di,
447,fama,NOUN,S,fama,Gender=Fem|Number=Sing
448,internazionale,ADJ,A,internazionale,Number=Sing
449,.,PUNCT,FS,.,
450,SEGNALIAMO,VERB,V,segnaliamo,Mood=Ind|Number=Sing|Person=3|Tense=Pres|VerbForm=Fin
451,AL,PROPN,SP,Al,
452,PIANO,PROPN,SP,PIANO,
453,TERRA,PROPN,SP,Terra,
454,DEL,PROPN,SP,DEL,
455,MANdA,PROPN,SP,Manda,
456,L’,DET,RD,il,Definite=Def|Number=Sing|PronType=Art
457,edificio,NOUN,S,edificio,Gender=Masc|Number=Sing
458,conserva,VERB,V,conservare,Mood=Ind|Number=Sing|Person=3|Tense=Pres|VerbForm=Fin
459,il,DET,RD,il,Definite=Def|Gender=Masc|Number=Sing|PronType=Art
460,fascino,NOUN,S,fascino,Gender=Masc|Number=Sing
461,di,ADP,E,di,
462,l’,DET,RD,il,Definite=Def|Number=Sing|PronType=Art
463,originaria,ADJ,A,originario,Gender=Fem|Number=Sing
464,villa,NOUN,S,villa,Gender=Fem|Number=Sing
465,neoclassica,ADJ,A,neoclassico,Gender=Fem|Number=Sing
466,.,PUNCT,FS,.,
467,Un,DET,RI,uno,Definite=Ind|Gender=Masc|Number=Sing|PronType=Art
468,grande,ADJ,A,grande,Number=Sing
469,cancello,NOUN,S,cancello,Gender=Masc|Number=Sing
470,immette,VERB,V,immettere,Mood=Ind|Number=Sing|Person=3|Tense=Pres|VerbForm=Fin
471,in,ADP,E,in,
472,la,DET,RD,il,Definite=Def|Gender=Fem|Number=Sing|PronType=Art
473,galleria,NOUN,S,galleria,Gender=Fem|Number=Sing
474,con,ADP,E,con,
475,il,DET,RD,il,Definite=Def|Gender=Masc|Number=Sing|PronType=Art
476,soffitto,NOUN,S,soffitto,Gender=Masc|Number=Sing
477,a,ADP,E,a,
478,lacunari,NOUN,S,lacunario,Gender=Masc|Number=Plur
479,.,PUNCT,FS,.,
480,In,ADP,E,in,
481,origine,NOUN,S,origine,Gender=Fem|Number=Sing
482,questo,DET,DD,questo,Gender=Masc|Number=Sing|PronType=Dem
483,grande,ADJ,A,grande,Number=Sing
484,ambiente,NOUN,S,ambiente,Gender=Masc|Number=Sing
485,era,AUX,VA,essere,Mood=Ind|Number=Sing|Person=3|Tense=Imp|VerbForm=Fin
486,pavimentato,VERB,V,pavimentare,Gender=Masc|Number=Sing|Tense=Past|VerbForm=Part
487,con,ADP,E,con,
488,ciottoli,NOUN,S,ciottolo,Gender=Masc|Number=Plur
489,",",PUNCT,FF,",",
490,di,ADP,E,di,
491,cui,PRON,PR,cui,PronType=Rel
492,è,AUX,V,essere,Mood=Ind|Number=Sing|Person=3|Tense=Pres|VerbForm=Fin
493,ancora,ADV,B,ancora,
494,visibile,ADJ,A,visibile,Number=Sing
495,un,DET,RI,uno,Definite=Ind|Gender=Masc|Number=Sing|PronType=Art
496,breve,ADJ,A,breve,Number=Sing
497,tratto,NOUN,S,tratto,Gender=Masc|Number=Sing
498,",",PUNCT,FF,",",
499,per,ADP,E,per,
500,permettere,VERB,V,permettere,VerbForm=Inf
501,a,ADP,E,a,
502,le,DET,RD,il,Definite=Def|Gender=Fem|Number=Plur|PronType=Art
503,carrozze,NOUN,S,carrozza,Gender=Fem|Number=Plur
504,di,ADP,E,di,
505,entrare,VERB,V,entrare,VerbForm=Inf
506,comodamente,ADV,B,comodamente,
507,a,ADP,E,a,
508,il,DET,RD,il,Definite=Def|Gender=Masc|Number=Sing|PronType=Art
509,coperto,ADJ,A,coperto,Gender=Masc|Number=Sing
510,in,ADP,E,in,
511,i,DET,RD,il,Definite=Def|Gender=Masc|Number=Plur|PronType=Art
512,locali,NOUN,S,locale,Gender=Masc|Number=Plur
513,destinati,VERB,V,destinare,Gender=Masc|Number=Plur|Tense=Past|VerbForm=Part
514,a,ADP,E,a,
515,magazzini,NOUN,S,magazzino,Gender=Masc|Number=Plur
516,e,CCONJ,CC,e,
517,a,ADP,E,a,
518,stalle,NOUN,S,stalla,Gender=Fem|Number=Plur
519,per,ADP,E,per,
520,i,DET,RD,il,Definite=Def|Gender=Masc|Number=Plur|PronType=Art
521,cavalli,NOUN,S,cavallo,Gender=Masc|Number=Plur
522,.,PUNCT,FS,.,
523,In,ADP,E,in,
524,l’,DET,RD,il,Definite=Def|Number=Sing|PronType=Art
525,attuale,ADJ,A,attuale,Number=Sing
526,allestimento,NOUN,S,allestimento,Gender=Masc|Number=Sing
527,il,DET,RD,il,Definite=Def|Gender=Masc|Number=Sing|PronType=Art
528,salone,NOUN,S,salone,Gender=Masc|Number=Sing
529,",",PUNCT,FF,",",
530,impreziosito,VERB,V,impreziosire,Gender=Masc|Number=Sing|Tense=Past|VerbForm=Part
531,da,ADP,E,da,
532,pavimenti,NOUN,S,pavimento,Gender=Masc|Number=Plur
533,in,ADP,E,in,
534,marmo,NOUN,S,marmo,Gender=Masc|Number=Sing
535,e,CCONJ,CC,e,
536,da,ADP,E,da,
537,una,DET,RI,uno,Definite=Ind|Gender=Fem|Number=Sing|PronType=Art
538,spettacolare,ADJ,A,spettacolare,Number=Sing
539,vetrata,NOUN,S,vetrata,Gender=Fem|Number=Sing
540,che,PRON,PR,che,PronType=Rel
541,si,PRON,PC,si,Clitic=Yes|Person=3|PronType=Prs
542,apre,VERB,V,aprire,Mood=Ind|Number=Sing|Person=3|Tense=Pres|VerbForm=Fin
543,su,ADP,E,su,
544,una,DET,RI,uno,Definite=Ind|Gender=Fem|Number=Sing|PronType=Art
545,magnifica,ADJ,A,magnifico,Gender=Fem|Number=Sing
546,vista,NOUN,S,vista,Gender=Fem|Number=Sing
547,di,ADP,E,di,
548,le,DET,RD,il,Definite=Def|Gender=Fem|Number=Plur|PronType=Art
549,colline,NOUN,S,collina,Gender=Fem|Number=Plur
550,circostanti,ADJ,A,circostante,Number=Plur
551,",",PUNCT,FF,",",
552,presenta,VERB,V,presentare,Mood=Ind|Number=Sing|Person=3|Tense=Pres|VerbForm=Fin
553,una,DET,RI,uno,Definite=Ind|Gender=Fem|Number=Sing|PronType=Art
554,notevole,ADJ,A,notevole,Number=Sing
555,rassegna,NOUN,S,rassegna,Gender=Fem|Number=Sing
556,di,ADP,E,di,
557,la,DET,RD,il,Definite=Def|Gender=Fem|Number=Sing|PronType=Art
558,statuaria,NOUN,S,statuaria,Gender=Fem|Number=Sing
559,di,ADP,E,di,
560,età,NOUN,S,età,Gender=Fem|Number=Sing
561,romana,ADJ,A,romano,Gender=Fem|Number=Sing
562,.,PUNCT,FS,.,
563,Su,ADP,E,su,
564,il,DET,RD,il,Definite=Def|Gender=Masc|Number=Sing|PronType=Art
565,fondo,NOUN,S,fondo,Gender=Masc|Number=Sing
566,di,ADP,E,di,
567,la,DET,RD,il,Definite=Def|Gender=Fem|Number=Sing|PronType=Art
568,sala,NOUN,S,sala,Gender=Fem|Number=Sing
569,la,DET,RD,il,Definite=Def|Gender=Fem|Number=Sing|PronType=Art
570,colossale,ADJ,A,colossale,Number=Sing
571,statua,NOUN,S,statua,Gender=Fem|Number=Sing
572,di,ADP,E,di,
573,Herakles,PROPN,SP,Herakles,
574,Epitrapezios,PROPN,SP,Epitrapezios,
575,in,ADP,E,in,
576,marmo,NOUN,S,marmo,Gender=Masc|Number=Sing
577,greco,ADJ,A,greco,Gender=Masc|Number=Sing
578,rinvenuta,VERB,V,rinvenire,Gender=Fem|Number=Sing|Tense=Past|VerbForm=Part
579,in,ADP,E,in,
580,il,DET,RD,il,Definite=Def|Gender=Masc|Number=Sing|PronType=Art
581,santuario,NOUN,S,santuario,Gender=Masc|Number=Sing
582,di,ADP,E,di,
583,Alba,PROPN,SP,Alba,
584,Fucens,PROPN,SP,Fucens,
585,accoglie,VERB,V,accogliere,Mood=Ind|Number=Sing|Person=3|Tense=Pres|VerbForm=Fin
586,i,DET,RD,il,Definite=Def|Gender=Masc|Number=Plur|PronType=Art
587,visitatori,NOUN,S,visitatore,Gender=Masc|Number=Plur
588,suggerendo,VERB,V,suggire,VerbForm=Ger
589,immagini,NOUN,S,immagine,Gender=Fem|Number=Plur
590,di,ADP,E,di,
591,un,DET,RI,uno,Definite=Ind|Gender=Masc|Number=Sing|PronType=Art
592,glorioso,ADJ,A,glorioso,Gender=Masc|Number=Sing
593,passato,NOUN,S,passato,Gender=Masc|Number=Sing
594,in,ADP,E,in,
595,cui,PRON,PR,cui,PronType=Rel
596,era,AUX,VA,essere,Mood=Ind|Number=Sing|Person=3|Tense=Imp|VerbForm=Fin
597,particolarmente,ADV,B,particolarmente,
598,diffuso,VERB,V,diffondere,Gender=Masc|Number=Sing|Tense=Past|VerbForm=Part
599,il,DET,RD,il,Definite=Def|Gender=Masc|Number=Sing|PronType=Art
600,culto,NOUN,S,culto,Gender=Masc|Number=Sing
601,di,ADP,E,di,
602,Ercole,PROPN,SP,Ercole,
603,protettore,NOUN,S,protettore,Gender=Masc|Number=Sing
604,di,ADP,E,di,
605,i,DET,RD,il,Definite=Def|Gender=Masc|Number=Plur|PronType=Art
606,commerci,NOUN,S,commerco,Gender=Masc|Number=Plur
607,e,CCONJ,CC,e,
608,di,ADP,E,di,
609,i,DET,RD,il,Definite=Def|Gender=Masc|Number=Plur|PronType=Art
610,percorsi,NOUN,S,percorso,Gender=Masc|Number=Plur
611,di,ADP,E,di,
612,la,DET,RD,il,Definite=Def|Gender=Fem|Number=Sing|PronType=Art
613,transumanza,NOUN,S,transumanza,Gender=Fem|Number=Sing
614,.,PUNCT,FS,.,
615,A,ADP,E,a,
616,il,DET,RD,il,Definite=Def|Gender=Masc|Number=Sing|PronType=Art
617,centro,NOUN,S,centro,Gender=Masc|Number=Sing
618,è,AUX,VA,essere,Mood=Ind|Number=Sing|Person=3|Tense=Pres|VerbForm=Fin
619,esposto,VERB,V,esporre,Gender=Masc|Number=Sing|Tense=Past|VerbForm=Part
620,lo,DET,RD,il,Definite=Def|Gender=Masc|Number=Sing|PronType=Art
621,spettacolare,ADJ,A,spettacolare,Number=Sing
622,letto,NOUN,S,letto,Gender=Masc|Number=Sing
623,di,ADP,E,di,
624,Amiternum,PROPN,SP,Amiternum,
625,di,ADP,E,di,
626,eta,NOUN,S,eta,Gender=Fem|Number=Sing
627,̀,ADJ,A,̀,Number=Sing
628,augustea,ADJ,A,augusteo,Gender=Fem|Number=Sing
629,",",PUNCT,FF,",",
630,con,ADP,E,con,
631,raffinate,ADJ,A,raffinato,Gender=Fem|Number=Plur
632,decorazioni,NOUN,S,decorazione,Gender=Fem|Number=Plur
633,in,ADP,E,in,
634,bronzo,NOUN,S,bronzo,Gender=Masc|Number=Sing
635,ageminato,ADJ,A,ageminato,Gender=Masc|Number=Sing
636,.,PUNCT,FS,.,
637,Su,ADP,E,su,
638,la,DET,RD,il,Definite=Def|Gender=Fem|Number=Sing|PronType=Art
639,destra,NOUN,S,destra,Gender=Fem|Number=Sing
640,è,ADP,E,e,
641,l’,DET,RD,il,Definite=Def|Number=Sing|PronType=Art
642,aula,NOUN,S,aula,Gender=Fem|Number=Sing
643,didattica,ADJ,A,didattico,Gender=Fem|Number=Sing
644,dove,ADV,B,dove,
645,ogni,DET,DI,ogni,Number=Sing|PronType=Ind
646,anno,NOUN,S,anno,Gender=Masc|Number=Sing
647,con,ADP,E,con,
648,le,DET,RD,il,Definite=Def|Gender=Fem|Number=Plur|PronType=Art
649,archeologhe,NOUN,S,archeologa,Gender=Fem|Number=Plur
650,di,ADP,E,di,
651,Oltremuseo,PROPN,SP,Oltremuseo,
652,numerosi,DET,DI,numeroso,Gender=Masc|Number=Plur|PronType=Ind
653,studenti,NOUN,S,studente,Gender=Masc|Number=Plur
654,si,PRON,PC,si,Clitic=Yes|Person=3|PronType=Prs
655,cimentano,VERB,V,cimentare,Mood=Ind|Number=Plur|Person=3|Tense=Pres|VerbForm=Fin
656,in,ADP,E,in,
657,varie,DET,DI,vario,Gender=Fem|Number=Plur|PronType=Ind
658,attivita,NOUN,S,attivita,Gender=Fem|Number=Sing
659,̀,PUNCT,FF,̀,
660,o,CCONJ,CC,o,
661,assistono,VERB,V,assistere,Mood=Ind|Number=Plur|Person=3|Tense=Pres|VerbForm=Fin
662,a,ADP,E,a,
663,presentazioni,NOUN,S,presentazione,Gender=Fem|Number=Plur
664,multimediali,ADJ,A,multimediali,Number=Plur
665,.,PUNCT,FS,.,
666,La,DET,RD,il,Definite=Def|Gender=Fem|Number=Sing|PronType=Art
667,grande,ADJ,A,grande,Number=Sing
668,sala,NOUN,S,sala,Gender=Fem|Number=Sing
669,vicina,ADJ,A,vicino,Gender=Fem|Number=Sing
670,a,ADP,E,a,
671,l’,DET,RD,il,Definite=Def|Number=Sing|PronType=Art
672,ingresso,NOUN,S,ingresso,Gender=Masc|Number=Sing
673,è,AUX,VA,essere,Mood=Ind|Number=Sing|Person=3|Tense=Pres|VerbForm=Fin
674,stata,AUX,VA,essere,Gender=Fem|Number=Sing|Tense=Past|VerbForm=Part
675,trasformata,VERB,V,trasformare,Gender=Fem|Number=Sing|Tense=Past|VerbForm=Part
676,da,ADP,E,da,
677,Mimmo,PROPN,SP,Mimmo,
678,Paladino,PROPN,SP,Paladino,
679,per,ADP,E,per,
680,il,DET,RD,il,Definite=Def|Gender=Masc|Number=Sing|PronType=Art
681,Guerriero,NOUN,S,guerriero,Gender=Masc|Number=Sing
682,di,ADP,E,di,
683,Capestrano,PROPN,SP,Capestrano,
684,.,PUNCT,FS,.,
685,Questo,DET,DD,questo,Gender=Masc|Number=Sing|PronType=Dem
686,capolavoro,NOUN,S,capolavoro,Gender=Masc|Number=Sing
687,assoluto,ADJ,A,assoluto,Gender=Masc|Number=Sing
688,di,ADP,E,di,
689,la,DET,RD,il,Definite=Def|Gender=Fem|Number=Sing|PronType=Art
690,scultura,NOUN,S,scultura,Gender=Fem|Number=Sing
691,italica,ADJ,A,italico,Gender=Fem|Number=Sing
692,",",PUNCT,FF,",",
693,simbolo,NOUN,S,simbolo,Gender=Masc|Number=Sing
694,di,ADP,E,di,
695,identita,NOUN,S,identita,Gender=Fem|Number=Sing
696,̀,ADJ,A,̀,Number=Sing
697,guerriera,ADJ,A,guerriero,Gender=Fem|Number=Sing
698,di,ADP,E,di,
699,i,DET,RD,il,Definite=Def|Gender=Masc|Number=Plur|PronType=Art
700,popoli,NOUN,S,popolo,Gender=Masc|Number=Plur
701,di,ADP,E,di,
702,l’,DET,RD,il,Definite=Def|Number=Sing|PronType=Art
703,Abruzzo,PROPN,SP,Abruzzo,
704,preromano,ADJ,A,preromano,Gender=Masc|Number=Sing
705,",",PUNCT,FF,",",
706,si,PRON,PC,si,Clitic=Yes|Person=3|PronType=Prs
707,apre,VERB,V,aprire,Mood=Ind|Number=Sing|Person=3|Tense=Pres|VerbForm=Fin
708,improvviso,ADJ,A,improvviso,Gender=Masc|Number=Sing
709,a,ADP,E,a,
710,lo,DET,RD,il,Definite=Def|Gender=Masc|Number=Sing|PronType=Art
711,sguardo,NOUN,S,sguardo,Gender=Masc|Number=Sing
712,dietro,ADP,E,dietro,
713,una,DET,RI,uno,Definite=Ind|Gender=Fem|Number=Sing|PronType=Art
714,quinta,ADJ,NO,quinto,Gender=Fem|NumType=Ord|Number=Sing
715,teatrale,ADJ,A,teatrale,Number=Sing
716,e,CCONJ,CC,e,
717,dialoga,VERB,V,dialogare,Mood=Ind|Number=Sing|Person=3|Tense=Pres|VerbForm=Fin
718,con,ADP,E,con,
719,il,DET,RD,il,Definite=Def|Gender=Masc|Number=Sing|PronType=Art
720,visitatore,NOUN,S,visitatore,Gender=Masc|Number=Sing
721,“,PUNCT,FB,“,
722,a,ADP,E,a,
723,il,DET,RD,il,Definite=Def|Gender=Masc|Number=Sing|PronType=Art
724,di,ADP,E,di,
725,là,ADV,B,lare,
726,di,ADP,E,di,
727,il,DET,RD,il,Definite=Def|Gender=Masc|Number=Sing|PronType=Art
728,tempo,NOUN,S,tempo,Gender=Masc|Number=Sing
729,”,PUNCT,FB,”,
730,.,PUNCT,FS,.,
731,L’,DET,RD,il,Definite=Def|Number=Sing|PronType=Art
732,ambiente,NOUN,S,ambiente,Gender=Masc|Number=Sing
733,successivo,ADJ,A,successivo,Gender=Masc|Number=Sing
734,è,AUX,VA,essere,Mood=Ind|Number=Sing|Person=3|Tense=Pres|VerbForm=Fin
735,dedicato,VERB,V,dedicare,Gender=Masc|Number=Sing|Tense=Past|VerbForm=Part
736,a,ADP,E,a,
737,il,DET,RD,il,Definite=Def|Gender=Masc|Number=Sing|PronType=Art
738,monetiere,NOUN,S,monetiere,Gender=Masc|Number=Sing
739,",",PUNCT,FF,",",
740,che,PRON,PR,che,PronType=Rel
741,vanta,VERB,V,vantare,Mood=Ind|Number=Sing|Person=3|Tense=Pres|VerbForm=Fin
742,una,DET,RI,uno,Definite=Ind|Gender=Fem|Number=Sing|PronType=Art
743,collezione,NOUN,S,collezione,Gender=Fem|Number=Sing
744,di,ADP,E,di,
745,oltre,ADV,B,oltre,
746,20.000,NUM,N,20.000,NumType=Card
747,esemplari,NOUN,S,esemplare,Gender=Masc|Number=Plur
748,di,ADP,E,di,
749,cui,PRON,PR,cui,PronType=Rel
750,è,AUX,VA,essere,Mood=Ind|Number=Sing|Person=3|Tense=Pres|VerbForm=Fin
751,esposta,VERB,V,esporre,Gender=Fem|Number=Sing|Tense=Past|VerbForm=Part
752,una,DET,RI,uno,Definite=Ind|Gender=Fem|Number=Sing|PronType=Art
753,selezione,NOUN,S,selezione,Gender=Fem|Number=Sing
754,rappresentativa,ADJ,A,rappresentativo,Gender=Fem|Number=Sing
755,attraverso,ADP,E,attraverso,
756,la,DET,RD,il,Definite=Def|Gender=Fem|Number=Sing|PronType=Art
757,quale,PRON,PR,quale,Number=Sing|PronType=Rel
758,si,PRON,PC,si,Clitic=Yes|Person=3|PronType=Prs
759,possono,AUX,VM,potere,Mood=Ind|Number=Plur|Person=3|Tense=Pres|VerbForm=Fin
760,apprezzate,VERB,V,apprezzare,Gender=Fem|Number=Plur|Tense=Past|VerbForm=Part
761,gli,DET,RD,il,Definite=Def|Gender=Masc|Number=Plur|PronType=Art
762,aspetti,NOUN,S,aspetto,Gender=Masc|Number=Plur
763,economici,ADJ,A,economico,Gender=Masc|Number=Plur
764,e,CCONJ,CC,e,
765,artistici,ADJ,A,artistico,Gender=Masc|Number=Plur
766,di,ADP,E,di,
767,le,DET,RD,il,Definite=Def|Gender=Fem|Number=Plur|PronType=Art
768,monete,NOUN,S,moneta,Gender=Fem|Number=Plur
769,lungo,ADP,E,lungo,
770,un,DET,RI,uno,Definite=Ind|Gender=Masc|Number=Sing|PronType=Art
771,arco,NOUN,S,arco,Gender=Masc|Number=Sing
772,cronologico,ADJ,A,cronologico,Gender=Masc|Number=Sing
773,molto,ADV,B,molto,
774,ampio,ADJ,A,ampio,Gender=Masc|Number=Sing
775,.,PUNCT,FS,.,
776,Segue,VERB,V,seguire,Mood=Ind|Number=Sing|Person=3|Tense=Pres|VerbForm=Fin
777,",",PUNCT,FF,",",
778,come,ADP,E,come,
779,un,DET,RI,uno,Definite=Ind|Gender=Masc|Number=Sing|PronType=Art
780,museo,NOUN,S,museo,Gender=Masc|Number=Sing
781,in,ADP,E,in,
782,il,DET,RD,il,Definite=Def|Gender=Masc|Number=Sing|PronType=Art
783,museo,NOUN,S,museo,Gender=Masc|Number=Sing
784,",",PUNCT,FF,",",
785,lo,DET,RD,il,Definite=Def|Gender=Masc|Number=Sing|PronType=Art
786,spazio,NOUN,S,spazio,Gender=Masc|Number=Sing
787,dedicato,VERB,V,dedicare,Gender=Masc|Number=Sing|Tense=Past|VerbForm=Part
788,a,ADP,E,a,
789,la,DET,RD,il,Definite=Def|Gender=Fem|Number=Sing|PronType=Art
790,prestigiosa,ADJ,A,prestigioso,Gender=Fem|Number=Sing
791,collezione,NOUN,S,collezione,Gender=Fem|Number=Sing
792,Pansa,PROPN,SP,Pansa,
793,",",PUNCT,FF,",",
794,dove,ADV,B,dove,
795,si,PRON,PC,si,Clitic=Yes|Person=3|PronType=Prs
796,ammirano,VERB,V,ammirare,Mood=Ind|Number=Plur|Person=3|Tense=Pres|VerbForm=Fin
797,autentici,ADJ,A,autentico,Gender=Masc|Number=Plur
798,gioielli,NOUN,S,gioiello,Gender=Masc|Number=Plur
799,e,CCONJ,CC,e,
800,altre,DET,DI,altro,Gender=Fem|Number=Plur|PronType=Ind
801,preziosita,NOUN,S,preziosita,Gender=Fem|Number=Plur
802,̀,ADJ,A,̀,Gender=Fem|Number=Plur
803,che,PRON,PR,che,PronType=Rel
804,raccontano,VERB,V,raccontare,Mood=Ind|Number=Plur|Person=3|Tense=Pres|VerbForm=Fin
805,l’,DET,RD,il,Definite=Def|Number=Sing|PronType=Art
806,alta,ADJ,A,alto,Gender=Fem|Number=Sing
807,qualita,NOUN,S,qualita,Gender=Fem|Number=Sing
808,̀,ADJ,A,̀,Number=Sing
809,di,ADP,E,di,
810,le,DET,RD,il,Definite=Def|Gender=Fem|Number=Plur|PronType=Art
811,manifatture,NOUN,S,manifattura,Gender=Fem|Number=Plur
812,in,ADP,E,in,
813,Abruzzo,PROPN,SP,Abruzzo,
814,in,ADP,E,in,
815,le,DET,RD,il,Definite=Def|Gender=Fem|Number=Plur|PronType=Art
816,epoche,NOUN,S,epoca,Gender=Fem|Number=Plur
817,antiche,ADJ,A,antico,Gender=Fem|Number=Plur
818,.,PUNCT,FS,.,
819,In,ADP,E,in,
820,lo,DET,RD,il,Definite=Def|Gender=Masc|Number=Sing|PronType=Art
821,spazio,NOUN,S,spazio,Gender=Masc|Number=Sing
822,dedicato,VERB,V,dedicare,Gender=Masc|Number=Sing|Tense=Past|VerbForm=Part
823,a,ADP,E,a,
824,i,DET,RD,il,Definite=Def|Gender=Masc|Number=Plur|PronType=Art
825,Sabini,PROPN,SP,Sabini,
826,",",PUNCT,FF,",",
827,a,ADP,E,a,
828,gli,DET,RD,il,Definite=Def|Gender=Masc|Number=Plur|PronType=Art
829,Equi,PROPN,SP,Equi,
830,e,CCONJ,CC,e,
831,a,ADP,E,a,
832,i,DET,RD,il,Definite=Def|Gender=Masc|Number=Plur|PronType=Art
833,Pretuzi,PROPN,SP,Pretuzi,
834,si,PRON,PC,si,Clitic=Yes|Person=3|PronType=Prs
835,segnala,VERB,V,segnalare,Mood=Ind|Number=Sing|Person=3|Tense=Pres|VerbForm=Fin
836,la,DET,RD,il,Definite=Def|Gender=Fem|Number=Sing|PronType=Art
837,straordinaria,ADJ,A,straordinario,Gender=Fem|Number=Sing
838,fibula,NOUN,S,fibula,Gender=Fem|Number=Sing
839,in,ADP,E,in,
840,bronzo,NOUN,S,bronzo,Gender=Masc|Number=Sing
841,rinvenuta,VERB,V,rinvenire,Gender=Fem|Number=Sing|Tense=Past|VerbForm=Part
842,a,ADP,E,a,
843,Pizzoli,PROPN,SP,Pizzoli,
844,e,CCONJ,CC,e,
845,databile,ADJ,A,databile,Number=Sing
846,a,ADP,E,a,
847,il,DET,RD,il,Definite=Def|Gender=Masc|Number=Sing|PronType=Art
848,VIII,ADJ,NO,VIII,NumType=Ord|Number=Sing
849,secolo,NOUN,S,secolo,Gender=Masc|Number=Sing
850,a,ADP,E,a,
851,.,PUNCT,FS,.,
852,C.,PROPN,SP,C.,
853,",",PUNCT,FF,",",
854,che,PRON,PR,che,PronType=Rel
855,riproduce,VERB,V,riprodurre,Mood=Ind|Number=Sing|Person=3|Tense=Pres|VerbForm=Fin
856,una,DET,RI,uno,Definite=Ind|Gender=Fem|Number=Sing|PronType=Art
857,cerimonia,NOUN,S,cerimonia,Gender=Fem|Number=Sing
858,sacra,ADJ,A,sacro,Gender=Fem|Number=Sing
859,intorno,ADV,B,intorno,
860,a,ADP,E,a,
861,un,DET,RI,uno,Definite=Ind|Gender=Masc|Number=Sing|PronType=Art
862,carro,NOUN,S,carro,Gender=Masc|Number=Sing
863,trainato,VERB,V,trainare,Gender=Masc|Number=Sing|Tense=Past|VerbForm=Part
864,da,ADP,E,da,
865,un,DET,RI,uno,Definite=Ind|Gender=Masc|Number=Sing|PronType=Art
866,bue,NOUN,S,bue,Gender=Masc|Number=Sing
867,trasportando,VERB,V,trasportare,VerbForm=Ger
868,ci,PRON,PC,ci,Clitic=Yes|Number=Plur|Person=1|PronType=Prs
869,in,ADP,E,in,
870,un,DET,RI,uno,Definite=Ind|Gender=Masc|Number=Sing|PronType=Art
871,viaggio,NOUN,S,viaggio,Gender=Masc|Number=Sing
872,millenario,ADJ,A,millenario,Gender=Masc|Number=Sing
873,da,ADP,E,da,
874,i,DET,RD,il,Definite=Def|Gender=Masc|Number=Plur|PronType=Art
875,significati,NOUN,S,significato,Gender=Masc|Number=Plur
876,simbolici,ADJ,A,simbolico,Gender=Masc|Number=Plur
877,.,PUNCT,FS,.,
878,Da,ADP,E,da,
879,Amiternum,PROPN,SP,Amiternum,
880,provengono,VERB,V,provenire,Mood=Ind|Number=Plur|Person=3|Tense=Pres|VerbForm=Fin
881,poi,ADV,B,poi,
882,due,NUM,N,due,NumType=Card
883,lastre,NOUN,S,lastra,Gender=Fem|Number=Plur
884,di,ADP,E,di,
885,bronzo,NOUN,S,bronzo,Gender=Masc|Number=Sing
886,incise,ADJ,A,inciso,Gender=Fem|Number=Plur
887,:,PUNCT,FC,:,
888,la,DET,RD,il,Definite=Def|Gender=Fem|Number=Sing|PronType=Art
889,più,NOUN,S,più,Gender=Fem|Number=Sing
890,grande,ADJ,A,grande,Number=Sing
891,di,ADP,E,di,
892,le,DET,RD,il,Definite=Def|Gender=Fem|Number=Plur|PronType=Art
893,quali,PRON,PR,quale,Number=Plur|PronType=Rel
894,inneggia,VERB,V,inneggiare,Mood=Ind|Number=Sing|Person=3|Tense=Pres|VerbForm=Fin
895,a,ADP,E,a,
896,la,DET,RD,il,Definite=Def|Gender=Fem|Number=Sing|PronType=Art
897,splendidissima,ADJ,A,splendide,Degree=Abs|Gender=Fem|Number=Sing
898,citta,NOUN,S,citta,Gender=Fem|Number=Sing
899,̀,PROPN,SP,̀,
900,",",PUNCT,FF,",",
901,la,DET,RD,il,Definite=Def|Gender=Fem|Number=Sing|PronType=Art
902,futura,ADJ,A,futuro,Gender=Fem|Number=Sing
903,Aquila,PROPN,SP,Aquila,
904,;,PUNCT,FC,;,
905,da,ADP,E,da,
906,la,DET,RD,il,Definite=Def|Gender=Fem|Number=Sing|PronType=Art
907,necropoli,NOUN,S,necropoli,Gender=Fem
908,di,ADP,E,di,
909,Campovalano,PROPN,SP,Campovalano,
910,sono,AUX,VA,essere,Mood=Ind|Number=Plur|Person=3|Tense=Pres|VerbForm=Fin
911,stati,AUX,VA,essere,Gender=Masc|Number=Plur|Tense=Past|VerbForm=Part
912,selezionati,VERB,V,selezionato,Gender=Masc|Number=Plur|Tense=Past|VerbForm=Part
913,due,NUM,N,due,NumType=Card
914,magnifici,ADJ,A,magnifico,Gender=Masc|Number=Plur
915,corredi,NOUN,S,correde,Gender=Masc|Number=Plur
916,",",PUNCT,FF,",",
917,di,ADP,E,di,
918,un,DET,RI,uno,Definite=Ind|Gender=Masc|Number=Sing|PronType=Art
919,guerriero,NOUN,S,guerriero,Gender=Masc|Number=Sing
920,e,CCONJ,CC,e,
921,di,ADP,E,di,
922,una,DET,RI,uno,Definite=Ind|Gender=Fem|Number=Sing|PronType=Art
923,aristocratica,ADJ,A,aristocratico,Gender=Fem|Number=Sing
924,dama,NOUN,S,dama,Gender=Fem|Number=Sing
925,.,PUNCT,FS,.,
926,SEGNALIAMO,VERB,V,segnaliamo,Mood=Ind|Number=Sing|Person=3|Tense=Pres|VerbForm=Fin
927,AL,PROPN,SP,Al,
928,PRIMO,PROPN,SP,primo,
929,PIANO,PROPN,SP,PIANO,
930,DEL,PROPN,SP,DEL,
931,MANdA,PROPN,SP,Manda,
932,Il,DET,RD,il,Definite=Def|Gender=Masc|Number=Sing|PronType=Art
933,percorso,NOUN,S,percorso,Gender=Masc|Number=Sing
934,espositivo,ADJ,A,espositivo,Gender=Masc|Number=Sing
935,si,PRON,PC,si,Clitic=Yes|Person=3|PronType=Prs
936,snoda,VERB,V,snodare,Mood=Ind|Number=Sing|Person=3|Tense=Pres|VerbForm=Fin
937,su,ADP,E,su,
938,i,DET,RD,il,Definite=Def|Gender=Masc|Number=Plur|PronType=Art
939,due,NUM,N,due,NumType=Card
940,piani,NOUN,S,piano,Gender=Masc|Number=Plur
941,attraverso,ADP,E,attraverso,
942,straordinarie,ADJ,A,straordinario,Gender=Fem|Number=Plur
943,testimonianze,NOUN,S,testimonianza,Gender=Fem|Number=Plur
944,di,ADP,E,di,
945,i,DET,RD,il,Definite=Def|Gender=Masc|Number=Plur|PronType=Art
946,comprensori,NOUN,S,comprensore,Gender=Masc|Number=Plur
947,di,ADP,E,di,
948,l’,DET,RD,il,Definite=Def|Number=Sing|PronType=Art
949,Abruzzo,PROPN,SP,Abruzzo,
950,antico,ADJ,A,antico,Gender=Masc|Number=Sing
951,",",PUNCT,FF,",",
952,un,DET,RI,uno,Definite=Ind|Gender=Masc|Number=Sing|PronType=Art
953,territorio,NOUN,S,territorio,Gender=Masc|Number=Sing
954,diversificato,ADJ,A,diversificato,Gender=Masc|Number=Sing
955,ma,CCONJ,CC,ma,
956,sostanzialmente,ADV,B,sostanzialmente,
957,omogeneo,ADJ,A,omogeneo,Gender=Masc|Number=Sing
958,",",PUNCT,FF,",",
959,che,PRON,PR,che,PronType=Rel
960,permette,VERB,V,permettere,Mood=Ind|Number=Sing|Person=3|Tense=Pres|VerbForm=Fin
961,di,ADP,E,di,
962,cogliere,VERB,V,cogliere,VerbForm=Inf
963,l’,DET,RD,il,Definite=Def|Number=Sing|PronType=Art
964,evoluzione,NOUN,S,evoluzione,Gender=Fem|Number=Sing
965,di,ADP,E,di,
966,le,DET,RD,il,Definite=Def|Gender=Fem|Number=Plur|PronType=Art
967,più,NOUN,S,più,Gender=Fem|Number=Plur
968,antiche,ADJ,A,antico,Gender=Fem|Number=Plur
969,civilta,ADJ,A,civilto,Gender=Fem|Number=Sing
970,̀,PUNCT,FF,̀,
971,attraverso,ADP,E,attraverso,
972,reperti,NOUN,S,reperto,Gender=Masc|Number=Plur
973,che,PRON,PR,che,PronType=Rel
974,vanno,VERB,V,andare,Mood=Ind|Number=Plur|Person=3|Tense=Pres|VerbForm=Fin
975,da,ADP,E,da,
976,l’,DET,RD,il,Definite=Def|Number=Sing|PronType=Art
977,Età,PROPN,SP,Età,
978,di,ADP,E,di,
979,il,DET,RD,il,Definite=Def|Gender=Masc|Number=Sing|PronType=Art
980,Ferro,NOUN,S,Ferro,Gender=Masc|Number=Sing
981,fino,ADV,B,fino,
982,a,ADP,E,a,
983,l’,DET,RD,il,Definite=Def|Number=Sing|PronType=Art
984,epoca,NOUN,S,epoca,Gender=Fem|Number=Sing
985,medievale,ADJ,A,medievale,Number=Sing
986,.,PUNCT,FS,.,
987,Sono,AUX,VA,essere,Mood=Ind|Number=Plur|Person=3|Tense=Pres|VerbForm=Fin
988,posti,VERB,V,porre,Gender=Masc|Number=Plur|Tense=Past|VerbForm=Part
989,in,ADP,E,in,
990,risalto,NOUN,S,risalto,Gender=Masc|Number=Sing
991,i,DET,RD,il,Definite=Def|Gender=Masc|Number=Plur|PronType=Art
992,sistemi,NOUN,S,sistema,Gender=Masc|Number=Plur
993,etnico,ADJ,A,etnico,Gender=Masc|Number=Sing
994,-,PUNCT,FF,-,
995,territoriali,ADJ,A,territoriale,Number=Plur
996,che,PRON,PR,che,PronType=Rel
997,fanno,VERB,V,fare,Mood=Ind|Number=Plur|Person=3|Tense=Pres|VerbForm=Fin
998,di,ADP,E,di,
999,il,DET,RD,il,Definite=Def|Gender=Masc|Number=Sing|PronType=Art
1000,museo,NOUN,S,museo,Gender=Masc|Number=Sing
1001,un,DET,RI,uno,Definite=Ind|Gender=Masc|Number=Sing|PronType=Art
1002,luogo,NOUN,S,luogo,Gender=Masc|Number=Sing
1003,dove,ADV,B,dove,
1004,vengono,AUX,VA,venire,Mood=Ind|Number=Plur|Person=3|Tense=Pres|VerbForm=Fin
1005,valorizzati,VERB,V,valorizzare,Gender=Masc|Number=Plur|Tense=Past|VerbForm=Part
1006,i,DET,RD,il,Definite=Def|Gender=Masc|Number=Plur|PronType=Art
1007,tratti,NOUN,S,tratto,Gender=Masc|Number=Plur
1008,distintivi,ADJ,A,distintivo,Gender=Masc|Number=Plur
1009,di,ADP,E,di,
1010,l’,DET,RD,il,Definite=Def|Number=Sing|PronType=Art
1011,Abruzzo,PROPN,SP,Abruzzo,
1012,",",PUNCT,FF,",",
1013,da,ADP,E,da,
1014,la,DET,RD,il,Definite=Def|Gender=Fem|Number=Sing|PronType=Art
1015,originaria,ADJ,A,originario,Gender=Fem|Number=Sing
1016,connotazione,NOUN,S,connotazione,Gender=Fem|Number=Sing
1017,Sabina,PROPN,SP,Sabina,
1018,a,ADP,E,a,
1019,la,DET,RD,il,Definite=Def|Gender=Fem|Number=Sing|PronType=Art
1020,visione,NOUN,S,visione,Gender=Fem|Number=Sing
1021,di,ADP,E,di,
1022,le,DET,RD,il,Definite=Def|Gender=Fem|Number=Plur|PronType=Art
1023,distinte,ADJ,A,distinto,Gender=Fem|Number=Plur
1024,popolazioni,NOUN,S,popolazione,Gender=Fem|Number=Plur
1025,giudicate,VERB,V,giudicare,Gender=Fem|Number=Plur|Tense=Past|VerbForm=Part
1026,le,DET,RD,il,Definite=Def|Gender=Fem|Number=Plur|PronType=Art
1027,più,NOUN,S,più,Gender=Fem|Number=Plur
1028,forti,ADJ,A,forte,Number=Plur
1029,d’,ADP,E,di,
1030,Italia,PROPN,SP,Italia,
1031,.,PUNCT,FS,.,
1032,A,ADP,E,a,
1033,il,DET,RD,il,Definite=Def|Gender=Masc|Number=Sing|PronType=Art
1034,primo,ADJ,NO,primo,Gender=Masc|NumType=Ord|Number=Sing
1035,piano,NOUN,S,piano,Gender=Masc|Number=Sing
1036,i,DET,RD,il,Definite=Def|Gender=Masc|Number=Plur|PronType=Art
1037,Vestini,PROPN,SP,Vestini,
1038,",",PUNCT,FF,",",
1039,Peligni,PROPN,SP,Peligni,
1040,",",PUNCT,FF,",",
1041,Marrucini,PROPN,SP,Marrucini,
1042,e,CCONJ,CC,e,
1043,Carricini,PROPN,SP,Carricini,
1044,sono,AUX,VA,essere,Mood=Ind|Number=Plur|Person=3|Tense=Pres|VerbForm=Fin
1045,raccontati,VERB,V,raccontare,Gender=Masc|Number=Plur|Tense=Past|VerbForm=Part
1046,attraverso,ADP,E,attraverso,
1047,oggetti,NOUN,S,oggetto,Gender=Masc|Number=Plur
1048,di,ADP,E,di,
1049,la,DET,RD,il,Definite=Def|Gender=Fem|Number=Sing|PronType=Art
1050,vita,NOUN,S,vita,Gender=Fem|Number=Sing
1051,quotidiana,ADJ,A,quotidiano,Gender=Fem|Number=Sing
1052,",",PUNCT,FF,",",
1053,per,ADP,E,per,
1054,lo,DET,RD,il,Definite=Def|Gender=Masc|Number=Sing|PronType=Art
1055,più,NOUN,S,più,Gender=Masc|Number=Sing
1056,rinvenuti,VERB,V,rinvenire,Gender=Masc|Number=Plur|Tense=Past|VerbForm=Part
1057,a,ADP,E,a,
1058,corredo,NOUN,S,corredo,Gender=Masc|Number=Sing
1059,funerario,ADJ,A,funerario,Gender=Masc|Number=Sing
1060,di,ADP,E,di,
1061,le,DET,RD,il,Definite=Def|Gender=Fem|Number=Plur|PronType=Art
1062,sepolture,NOUN,S,sepoltura,Gender=Fem|Number=Plur
1063,",",PUNCT,FF,",",
1064,e,CCONJ,CC,e,
1065,alcuni,DET,DI,alcuno,Gender=Masc|Number=Plur|PronType=Ind
1066,capolavori,NOUN,S,capolavore,Gender=Masc|Number=Plur
1067,d’,ADP,E,di,
1068,arte,NOUN,S,arte,Gender=Fem|Number=Sing
1069,",",PUNCT,FF,",",
1070,gli,DET,RD,il,Definite=Def|Gender=Masc|Number=Plur|PronType=Art
1071,uni,PRON,PE,uno,Gender=Masc|Number=Plur|Person=3|PronType=Prs
1072,e,CCONJ,CC,e,
1073,gli,DET,RD,il,Definite=Def|Gender=Masc|Number=Plur|PronType=Art
1074,altri,PRON,PI,altro,Gender=Masc|Number=Plur|PronType=Ind
1075,indicativi,ADJ,A,indicativo,Gender=Masc|Number=Plur
1076,di,ADP,E,di,
1077,altissime,ADJ,A,alto,Degree=Abs|Gender=Fem|Number=Plur
1078,civilta,NOUN,S,civilta,Gender=Fem|Number=Sing
1079,̀,ADJ,A,̀,Number=Plur
1080,.,PUNCT,FS,.,
1081,Gia,INTJ,I,Gia,
1082,̀,VERB,V,essere,Number=Sing|Tense=Past|VerbForm=Part
1083,lungo,ADP,E,lungo,
1084,lo,DET,RD,il,Definite=Def|Gender=Masc|Number=Sing|PronType=Art
1085,scalone,NOUN,S,scalone,Gender=Masc|Number=Sing
1086,monumentale,ADJ,A,monumentale,Number=Sing
1087,a,ADP,E,a,
1088,forbice,NOUN,S,forbice,Gender=Fem|Number=Sing
1089,si,PRON,PC,si,Clitic=Yes|Person=3|PronType=Prs
1090,apprezzano,VERB,V,apprezzare,Mood=Ind|Number=Plur|Person=3|Tense=Pres|VerbForm=Fin
1091,due,NUM,N,due,NumType=Card
1092,letti,NOUN,S,letto,Gender=Masc|Number=Plur
1093,in,ADP,E,in,
1094,osso,NOUN,S,osso,Gender=Masc|Number=Sing
1095,i,DET,RD,il,Definite=Def|Gender=Masc|Number=Plur|PronType=Art
1096,quali,PRON,PR,quale,Number=Plur|PronType=Rel
1097,rappresentano,VERB,V,rappresentare,Mood=Ind|Number=Plur|Person=3|Tense=Pres|VerbForm=Fin
1098,una,DET,RI,uno,Definite=Ind|Gender=Fem|Number=Sing|PronType=Art
1099,tipicita,NOUN,S,tipicita,Gender=Fem|Number=Sing
1100,̀,ADJ,A,̀,Gender=Fem|Number=Sing
1101,di,ADP,E,di,
1102,il,DET,RD,il,Definite=Def|Gender=Masc|Number=Sing|PronType=Art
1103,territorio,NOUN,S,territorio,Gender=Masc|Number=Sing
1104,montano,ADJ,A,montano,Gender=Masc|Number=Sing
1105,",",PUNCT,FF,",",
1106,dove,ADV,B,dove,
1107,la,DET,RD,il,Definite=Def|Gender=Fem|Number=Sing|PronType=Art
1108,transumanza,NOUN,S,transumanza,Gender=Fem|Number=Sing
1109,in,ADP,E,in,
1110,ambiente,NOUN,S,ambiente,Gender=Masc|Number=Sing
1111,appenninico,ADJ,A,appenninico,Gender=Masc|Number=Sing
1112,aveva,AUX,VA,avere,Mood=Ind|Number=Sing|Person=3|Tense=Imp|VerbForm=Fin
1113,reso,VERB,V,rendere,Gender=Masc|Number=Sing|Tense=Past|VerbForm=Part
1114,tanto,ADV,B,tanto,
1115,robuste,ADJ,A,robusto,Gender=Fem|Number=Plur
1116,le,DET,RD,il,Definite=Def|Gender=Fem|Number=Plur|PronType=Art
1117,ossa,NOUN,S,ossa,Gender=Fem|Number=Plur
1118,di,ADP,E,di,
1119,le,DET,RD,il,Definite=Def|Gender=Fem|Number=Plur|PronType=Art
1120,mandrie,NOUN,S,mandria,Gender=Fem|Number=Plur
1121,di,ADP,E,di,
1122,buoi,NOUN,S,bue,Gender=Masc|Number=Plur
1123,",",PUNCT,FF,",",
1124,da,ADP,E,da,
1125,permettere,VERB,V,permettere,VerbForm=Inf
1126,una,DET,RI,uno,Definite=Ind|Gender=Fem|Number=Sing|PronType=Art
1127,lavorazione,NOUN,S,lavorazione,Gender=Fem|Number=Sing
1128,simile,ADJ,A,simile,Number=Sing
1129,a,ADP,E,a,
1130,quella,PRON,PD,quello,Gender=Fem|Number=Sing|PronType=Dem
1131,di,ADP,E,di,
1132,l’,DET,RD,il,Definite=Def|Number=Sing|PronType=Art
1133,avorio,NOUN,S,avorio,Gender=Masc|Number=Sing
1134,.,PUNCT,FS,.,
1135,In,ADP,E,in,
1136,gli,DET,RD,il,Definite=Def|Gender=Masc|Number=Plur|PronType=Art
1137,ambienti,NOUN,S,ambiente,Gender=Masc|Number=Plur
1138,successivi,ADJ,A,successivo,Gender=Masc|Number=Plur
1139,:,PUNCT,FC,:,
1140,sicuramente,ADV,B,sicuramente,
1141,notevoli,ADJ,A,notevole,Number=Plur
1142,sono,AUX,V,essere,Mood=Ind|Number=Plur|Person=3|Tense=Pres|VerbForm=Fin
1143,i,DET,RD,il,Definite=Def|Gender=Masc|Number=Plur|PronType=Art
1144,corredi,NOUN,S,correde,Gender=Masc|Number=Plur
1145,di,ADP,E,di,
1146,i,DET,RD,il,Definite=Def|Gender=Masc|Number=Plur|PronType=Art
1147,guerrieri,NOUN,S,guerriero,Gender=Masc|Number=Plur
1148,con,ADP,E,con,
1149,una,DET,RI,uno,Definite=Ind|Gender=Fem|Number=Sing|PronType=Art
1150,importante,ADJ,A,importante,Number=Sing
1151,testimonianza,NOUN,S,testimonianza,Gender=Fem|Number=Sing
1152,di,ADP,E,di,
1153,disco,NOUN,S,disco,Gender=Masc|Number=Sing
1154,corazza,NOUN,S,corazza,Gender=Fem|Number=Sing
1155,inciso,VERB,V,incidere,Gender=Masc|Number=Sing|Tense=Past|VerbForm=Part
1156,oltre,ADV,B,oltre,
1157,a,ADP,E,a,
1158,i,DET,RD,il,Definite=Def|Gender=Masc|Number=Plur|PronType=Art
1159,sofisticati,ADJ,A,sofisticato,Gender=Masc|Number=Plur
1160,armamenti,NOUN,S,armamento,Gender=Masc|Number=Plur
1161,da,ADP,E,da,
1162,difesa,NOUN,S,difesa,Gender=Fem|Number=Sing
1163,",",PUNCT,FF,",",
1164,da,ADP,E,da,
1165,attacco,NOUN,S,attacco,Gender=Masc|Number=Sing
1166,e,CCONJ,CC,e,
1167,da,ADP,E,da,
1168,caccia,NOUN,S,caccia,Gender=Fem|Number=Sing
1169,",",PUNCT,FF,",",
1170,forgiati,VERB,V,forgiare,Gender=Masc|Number=Plur|Tense=Past|VerbForm=Part
1171,in,ADP,E,in,
1172,i,DET,RD,il,Definite=Def|Gender=Masc|Number=Plur|PronType=Art
1173,metalli,NOUN,S,metallo,Gender=Masc|Number=Plur
1174,.,PUNCT,FS,.,
1175,Capolavoro,NOUN,S,Capolavoro,Gender=Masc|Number=Sing
1176,di,ADP,E,di,
1177,arte,NOUN,S,arte,Gender=Fem|Number=Sing
1178,greca,ADJ,A,greca,Gender=Fem|Number=Sing
1179,è,PUNCT,FF,è,
1180,il,DET,RD,il,Definite=Def|Gender=Masc|Number=Sing|PronType=Art
1181,bronzetto,NOUN,S,bronzetto,Gender=Masc|Number=Sing
1182,di,ADP,E,di,
1183,Ercole,PROPN,SP,Ercole,
1184,a,ADP,E,a,
1185,riposo,NOUN,S,riposo,Gender=Masc|Number=Sing
1186,",",PUNCT,FF,",",
1187,rinvenuto,VERB,V,rinvenire,Gender=Masc|Number=Sing|Tense=Past|VerbForm=Part
1188,in,ADP,E,in,
1189,il,DET,RD,il,Definite=Def|Gender=Masc|Number=Sing|PronType=Art
1190,santuario,NOUN,S,santuario,Gender=Masc|Number=Sing
1191,di,ADP,E,di,
1192,Ercole,PROPN,SP,Ercole,
1193,Curino,PROPN,SP,Curino,
1194,a,ADP,E,a,
1195,Sulmona,PROPN,SP,Sulmona,
1196,su,ADP,E,su,
1197,le,DET,RD,il,Definite=Def|Gender=Fem|Number=Plur|PronType=Art
1198,pendici,NOUN,S,pendico,Gender=Fem|Number=Plur
1199,di,ADP,E,di,
1200,il,DET,RD,il,Definite=Def|Gender=Masc|Number=Sing|PronType=Art
1201,Monte,NOUN,S,monte,Gender=Masc|Number=Sing
1202,Morrone,PROPN,SP,Morrone,
1203,",",PUNCT,FF,",",
1204,realizzato,VERB,V,realizzare,Gender=Masc|Number=Sing|Tense=Past|VerbForm=Part
1205,in,ADP,E,in,
1206,il,DET,RD,il,Definite=Def|Gender=Masc|Number=Sing|PronType=Art
1207,IV,ADJ,NO,IV,NumType=Ord|Number=Sing
1208,secolo,NOUN,S,secolo,Gender=Masc|Number=Sing
1209,a.C.,ADJ,A,a.c.,
1210,forse,ADV,B,forse,
1211,proprio,ADV,B,proprio,
1212,da,ADP,E,da,
1213,il,DET,RD,il,Definite=Def|Gender=Masc|Number=Sing|PronType=Art
1214,grande,ADJ,A,grande,Number=Sing
1215,scultore,NOUN,S,scultore,Gender=Masc|Number=Sing
1216,Lisippo,PROPN,SP,Lisippo,
1217,o,CCONJ,CC,o,
1218,da,ADP,E,da,
1219,la,DET,RD,il,Definite=Def|Gender=Fem|Number=Sing|PronType=Art
1220,sua,DET,AP,suo,Gender=Fem|Number=Sing|Poss=Yes|PronType=Prs
1221,scuola,NOUN,S,scuola,Gender=Fem|Number=Sing
1222,",",PUNCT,FF,",",
1223,e,CCONJ,CC,e,
1224,giunto,VERB,V,giungere,Gender=Masc|Number=Sing|Tense=Past|VerbForm=Part
1225,fino,ADV,B,fino,
1226,a,ADP,E,a,
1227,noi,PRON,PE,noi,Number=Plur|Person=1|PronType=Prs
1228,in,ADP,E,in,
1229,Abruzzo,PROPN,SP,Abruzzo,
1230,grazie,NOUN,S,grazie,
1231,a,ADP,E,a,
1232,la,DET,RD,il,Definite=Def|Gender=Fem|Number=Sing|PronType=Art
1233,abilita,ADJ,A,abilito,Gender=Fem|Number=Sing
1234,̀,NOUN,S,̀,Gender=Fem|Number=Sing
1235,di,ADP,E,di,
1236,il,DET,RD,il,Definite=Def|Gender=Masc|Number=Sing|PronType=Art
1237,mercante,NOUN,S,mercante,Gender=Masc|Number=Sing
1238,Attius,PROPN,SP,Attius,
1239,Peticius,PROPN,SP,Peticius,
1240,Marsus,PROPN,SP,Marsus,
1241,.,PUNCT,FS,.,
1242,Un’,DET,RI,uno,Definite=Ind|Gender=Fem|Number=Sing|PronType=Art
1243,opera,NOUN,S,opera,Gender=Fem|Number=Sing
1244,straordinaria,ADJ,A,straordinario,Gender=Fem|Number=Sing
1245,ammirata,VERB,V,ammirare,Gender=Fem|Number=Sing|Tense=Past|VerbForm=Part
1246,da,ADP,E,da,
1247,milioni,NOUN,S,milione,Gender=Masc|Number=Plur
1248,di,ADP,E,di,
1249,visitatori,NOUN,S,visitatore,Gender=Masc|Number=Plur
1250,in,ADP,E,in,
1251,i,DET,RD,il,Definite=Def|Gender=Masc|Number=Plur|PronType=Art
1252,musei,NOUN,S,museo,Gender=Masc|Number=Plur
1253,di,ADP,E,di,
1254,Los,PROPN,SP,Los,
1255,Angeles,PROPN,SP,Angeles,
1256,",",PUNCT,FF,",",
1257,Washington,PROPN,SP,Washington,
1258,e,CCONJ,CC,e,
1259,New,PROPN,SP,New,
1260,York,PROPN,SP,York,
1261,in,ADP,E,in,
1262,occasione,NOUN,S,occasione,Gender=Fem|Number=Sing
1263,di,ADP,E,di,
1264,mostre,NOUN,S,mostra,Gender=Fem|Number=Plur
1265,internazionali,ADJ,A,internazionale,Number=Plur
1266,.,PUNCT,FS,.,
1267,Ricche,ADJ,A,ricco,Gender=Fem|Number=Plur
1268,testimonianze,NOUN,S,testimonianza,Gender=Fem|Number=Plur
1269,di,ADP,E,di,
1270,le,DET,RD,il,Definite=Def|Gender=Fem|Number=Plur|PronType=Art
1271,straordinarie,ADJ,A,straordinario,Gender=Fem|Number=Plur
1272,parures,NOUN,S,parures,Gender=Fem|Number=Plur
1273,di,ADP,E,di,
1274,le,DET,RD,il,Definite=Def|Gender=Fem|Number=Plur|PronType=Art
1275,donne,NOUN,S,donna,Gender=Fem|Number=Plur
1276,italiche,ADJ,A,italico,Gender=Fem|Number=Plur
1277,sono,AUX,VA,essere,Mood=Ind|Number=Plur|Person=3|Tense=Pres|VerbForm=Fin
1278,esposte,VERB,V,esporre,Gender=Fem|Number=Plur|Tense=Past|VerbForm=Part
1279,in,ADP,E,in,
1280,le,DET,RD,il,Definite=Def|Gender=Fem|Number=Plur|PronType=Art
1281,vetrine,NOUN,S,vetrina,Gender=Fem|Number=Plur
1282,di,ADP,E,di,
1283,Fossa,PROPN,SP,Fossa,
1284,dove,ADV,B,dove,
1285,la,DET,RD,il,Definite=Def|Gender=Fem|Number=Sing|PronType=Art
1286,presenza,NOUN,S,presenza,Gender=Fem|Number=Sing
1287,di,ADP,E,di,
1288,cinturoni,NOUN,S,cinturone,Gender=Masc|Number=Plur
1289,",",PUNCT,FF,",",
1290,ornamenti,NOUN,S,ornamento,Gender=Masc|Number=Plur
1291,e,CCONJ,CC,e,
1292,ciondoli,NOUN,S,ciondolo,Gender=Masc|Number=Plur
1293,tintinnanti,ADJ,A,tintinnante,Number=Plur
1294,evocano,VERB,V,evocare,Mood=Ind|Number=Plur|Person=3|Tense=Pres|VerbForm=Fin
1295,l’,DET,RD,il,Definite=Def|Number=Sing|PronType=Art
1296,immagine,NOUN,S,immagine,Gender=Fem|Number=Sing
1297,di,ADP,E,di,
1298,aristocratiche,ADJ,A,aristocratico,Gender=Fem|Number=Plur
1299,dame,NOUN,S,dama,Gender=Fem|Number=Plur
1300,.,PUNCT,FS,.,
1301,Di,ADP,E,di,
1302,una,PRON,PI,uno,Gender=Fem|Number=Sing|PronType=Ind
1303,di,ADP,E,di,
1304,queste,PRON,PD,questo,Gender=Fem|Number=Plur|PronType=Dem
1305,è,AUX,VA,essere,Mood=Ind|Number=Sing|Person=3|Tense=Pres|VerbForm=Fin
1306,stata,AUX,VA,essere,Gender=Fem|Number=Sing|Tense=Past|VerbForm=Part
1307,rinvenuta,VERB,V,rinvenire,Gender=Fem|Number=Sing|Tense=Past|VerbForm=Part
1308,anche,ADV,B,anche,
1309,una,DET,RI,uno,Definite=Ind|Gender=Fem|Number=Sing|PronType=Art
1310,raffigurazione,NOUN,S,raffigurazione,Gender=Fem|Number=Sing
1311,in,ADP,E,in,
1312,pietra,NOUN,S,pietra,Gender=Fem|Number=Sing
1313,",",PUNCT,FF,",",
1314,purtroppo,ADV,B,purtroppo,
1315,lacunosa,ADJ,A,lacunoso,Gender=Fem|Number=Sing
1316,ma,CCONJ,CC,ma,
1317,fondamentale,ADJ,A,fondamentale,Number=Sing
1318,perche,SCONJ,CS,perche,
1319,́,PUNCT,FF,́,
1320,si,PRON,PC,si,Clitic=Yes|Person=3|PronType=Prs
1321,tratta,VERB,V,trattare,Mood=Ind|Number=Sing|Person=3|Tense=Pres|VerbForm=Fin
1322,di,ADP,E,di,
1323,l’,DET,RD,il,Definite=Def|Number=Sing|PronType=Art
1324,equivalente,NOUN,S,equivalente,Gender=Masc|Number=Sing
1325,a,ADP,E,a,
1326,il,DET,RD,il,Definite=Def|Gender=Masc|Number=Sing|PronType=Art
1327,femminile,NOUN,S,femminile,Gender=Masc|Number=Sing
1328,di,ADP,E,di,
1329,il,DET,RD,il,Definite=Def|Gender=Masc|Number=Sing|PronType=Art
1330,Guerriero,NOUN,S,guerriero,Gender=Masc|Number=Sing
1331,di,ADP,E,di,
1332,Capestrano,PROPN,SP,Capestrano,
1333,.,PUNCT,FS,.,
1334,Completa,VERB,V,completare,Mood=Ind|Number=Sing|Person=2|Tense=Pres|VerbForm=Fin
1335,l’,DET,RD,il,Definite=Def|Number=Sing|PronType=Art
1336,esposizione,NOUN,S,esposizione,Gender=Fem|Number=Sing
1337,museale,ADJ,A,museale,Number=Sing
1338,una,DET,RI,uno,Definite=Ind|Gender=Fem|Number=Sing|PronType=Art
1339,importante,ADJ,A,importante,Number=Sing
1340,Biblioteca,NOUN,S,biblioteca,Gender=Fem|Number=Sing
1341,di,ADP,E,di,
1342,archeologia,NOUN,S,archeologia,Gender=Fem|Number=Sing
1343,e,CCONJ,CC,e,
1344,di,ADP,E,di,
1345,scienze,NOUN,S,scienza,Gender=Fem|Number=Plur
1346,di,ADP,E,di,
1347,l’,DET,RD,il,Definite=Def|Number=Sing|PronType=Art
1348,antichita,NOUN,S,antichita,Gender=Fem|Number=Sing
1349,̀,ADJ,A,̀,Number=Sing
1350,",",PUNCT,FF,",",
1351,con,ADP,E,con,
1352,volumi,NOUN,S,volume,Gender=Masc|Number=Plur
1353,e,CCONJ,CC,e,
1354,mobilio,NOUN,S,mobilio,Gender=Masc|Number=Sing
1355,che,PRON,PR,che,PronType=Rel
1356,risalgono,VERB,V,risalire,Mood=Ind|Number=Plur|Person=3|Tense=Pres|VerbForm=Fin
1357,a,ADP,E,a,
1358,la,DET,RD,il,Definite=Def|Gender=Fem|Number=Sing|PronType=Art
1359,fine,NOUN,S,fine,Gender=Fem|Number=Sing
1360,di,ADP,E,di,
1361,l’,DET,RD,il,Definite=Def|Number=Sing|PronType=Art
1362,Ottocento,NOUN,S,ottocento,Gender=Masc|Number=Sing
1363,",",PUNCT,FF,",",
1364,luogo,NOUN,S,luogo,Gender=Masc|Number=Sing
1365,di,ADP,E,di,
1366,studio,NOUN,S,studio,Gender=Masc|Number=Sing
1367,e,CCONJ,CC,e,
1368,di,ADP,E,di,
1369,ricerca,NOUN,S,ricerca,Gender=Fem|Number=Sing
1370,aperto,VERB,V,aprire,Gender=Masc|Number=Sing|Tense=Past|VerbForm=Part
1371,a,ADP,E,a,
1372,il,DET,RD,il,Definite=Def|Gender=Masc|Number=Sing|PronType=Art
1373,pubblico,NOUN,S,pubblico,Gender=Masc|Number=Sing
1374,.,PUNCT,FS,.,
